species,lat,lon,year
Koala,-32.12,152.4,2025
Koala,-32.59,149.98,2023
Koala,-34.9,150.16,2024
Koala,-33.28,150.61,2023
Koala,-34.42,150.64,2021
Koala,-31.97,152.36,2023
Koala,-34.42,150.63,2021
Koala,-34.08,150.86,2025
Koala,-28.65,153.44,2024
Koala,-34.04,150.88,2025
Koala,-37.92,147.73,2023
Koala,-28.43,153.02,2024
Koala,-34.77,146.59,2023
Koala,-34.55,150.18,2023
Koala,-27.55,153.06,2021
Koala,-34.43,150.6,2021
Koala,-31.41,152.88,2024
Koala,-28.65,152.79,2024
Koala,-29.67,152.7,2022
Koala,-32.0,152.16,2023
Koala,-34.87,150.02,2024
Koala,-32.01,151.91,2024
Koala,-34.05,150.85,2021
Koala,-33.0,151.61,2024
Koala,-31.92,151.76,2024
Koala,-32.3,152.05,2023
Koala,-28.82,153.3,2023
Koala,-34.86,150.15,2024
Koala,-32.28,152.04,2023
Koala,-31.52,151.91,2023
Koala,-34.46,150.21,2021
Koala,-28.93,153.27,2022
Koala,-28.82,153.3,2022
Koala,-34.04,150.89,2024
Koala,-28.36,153.29,2024
Koala,-32.29,152.03,2023
Koala,-32.3,152.06,2023
Koala,-27.53,153.11,2023
Koala,-30.69,151.33,2023
Koala,-27.49,153.25,2023
Koala,-33.6,149.8,2022
Koala,-32.32,152.05,2023
Koala,-35.74,149.25,2024
Koala,-32.33,152.01,2024
Koala,-28.9,153.3,2023
Koala,-31.62,152.19,2023
Koala,-28.91,153.26,2024
Koala,-27.53,153.09,2023
Koala,-36.18,149.29,2024
Koala,-34.14,150.79,2025
Koala,-28.41,153.15,2024
Koala,-28.45,153.4,2024
Koala,-32.3,152.03,2023
Koala,-34.59,146.05,2023
Koala,-30.59,151.29,2023
Koala,-34.24,150.73,2022
Koala,-27.07,153.13,2024
Koala,-30.63,151.28,2023
Koala,-36.44,149.98,2024
Koala,-27.42,151.9,2023
Koala,-32.28,152.0,2023
Koala,-34.14,150.8,2023
Koala,-34.4,150.61,2024
Koala,-31.43,152.91,2023
Koala,-28.34,152.67,2024
Koala,-28.64,153.63,2023
Koala,-33.83,150.02,2023
Koala,-32.92,151.56,2025
Koala,-28.43,153.17,2024
Koala,-30.64,151.31,2023
Koala,-34.14,150.79,2023
Koala,-34.58,135.51,2022
Koala,-32.06,151.91,2024
Koala,-35.33,138.55,2023
Koala,-36.31,149.32,2022
Koala,-34.44,150.62,2021
Koala,-34.05,151.0,2022
Koala,-28.85,153.32,2024
Koala,-30.64,151.31,2023
Koala,-34.72,146.5,2023
Koala,-36.18,149.36,2024
Koala,-30.64,151.31,2023
Koala,-33.72,150.79,2023
Koala,-28.93,152.6,2024
Koala,-28.69,152.69,2024
Koala,-32.3,152.05,2023
Koala,-29.48,153.1,2023
Koala,-33.32,150.87,2023
Koala,-38.63,145.73,2024
Koala,-31.44,152.91,2022
Koala,-31.44,152.91,2022
Koala,-34.51,150.66,2023
Koala,-28.43,153.17,2024
Koala,-31.87,150.23,2023
Koala,-28.46,153.37,2024
Koala,-31.67,151.73,2024
Koala,-34.4,150.65,2021
Koala,-34.14,150.8,2023
Koala,-28.35,153.25,2024
Koala,-34.44,150.62,2021
Koala,-34.07,150.84,2023
Koala,-34.42,150.63,2021
Koala,-28.49,153.17,2024
Koala,-28.82,153.32,2022
Koala,-34.04,150.88,2023
Koala,-27.57,153.3,2024
Koala,-27.53,153.09,2025
Koala,-28.82,153.41,2022
Koala,-33.08,151.1,2025
Koala,-34.89,138.72,2024
Koala,-19.14,146.86,2024
Koala,-30.63,151.28,2023
Koala,-32.02,152.35,2024
Koala,-34.14,150.79,2023
Koala,-32.31,152.05,2023
Koala,-32.2,151.74,2024
Koala,-34.46,150.52,2021
Koala,-36.08,149.23,2024
Koala,-34.04,150.89,2023
Koala,-34.42,150.61,2021
Koala,-32.38,151.99,2023
Koala,-33.78,150.13,2024
Koala,-36.18,149.29,2024
Koala,-32.59,149.98,2023
Koala,-32.3,152.06,2023
Koala,-29.31,153.17,2022
Koala,-30.69,151.33,2023
Koala,-32.38,151.99,2023
Koala,-31.67,152.68,2024
Koala,-38.22,147.4,2024
Koala,-32.0,152.16,2023
Koala,-34.49,150.64,2021
Koala,-34.45,150.52,2021
Koala,-33.71,150.79,2023
Koala,-34.44,150.61,2021
Koala,-37.83,144.26,2025
Koala,-36.25,149.41,2024
Koala,-28.45,152.67,2024
Koala,-29.49,153.11,2024
Koala,-32.38,151.99,2023
Koala,-30.39,151.61,2023
Koala,-32.6,149.58,2024
Koala,-32.71,152.06,2024
Koala,-31.96,151.36,2024
Koala,-31.5,152.71,2024
Koala,-32.36,152.14,2025
Koala,-31.79,152.13,2024
Koala,-28.45,152.73,2024
Koala,-36.29,149.29,2024
Koala,-28.87,153.2,2024
Koala,-32.28,152.0,2023
Koala,-31.53,152.83,2024
Koala,-27.51,153.25,2024
Koala,-34.46,150.57,2024
Koala,-36.18,149.29,2024
Koala,-34.49,150.64,2021
Koala,-32.06,152.54,2024
Koala,-30.11,152.86,2023
Koala,-36.22,149.32,2024
Koala,-34.79,146.62,2023
Koala,-31.64,151.78,2024
Koala,-32.32,152.05,2023
Koala,-30.69,151.33,2023
Koala,-32.73,152.1,2022
Koala,-32.46,151.66,2024
Koala,-32.85,150.86,2024
Koala,-34.44,150.62,2021
Koala,-32.3,152.0,2023
Koala,-31.48,152.92,2024
Koala,-31.64,151.8,2024
Koala,-28.41,153.15,2024
Koala,-32.48,152.3,2025
Koala,-32.28,152.07,2023
Koala,-31.95,151.79,2024
Koala,-34.04,150.89,2025
Koala,-30.63,151.28,2023
Koala,-31.73,152.42,2024
Koala,-27.57,153.3,2024
Koala,-27.59,152.26,2024
Koala,-34.62,146.27,2023
Koala,-34.42,150.6,2021
Koala,-31.13,152.75,2024
Koala,-33.35,150.77,2023
Koala,-31.68,151.62,2024
Koala,-34.14,150.79,2023
Koala,-32.66,151.72,2021
Koala,-27.54,153.27,2023
Koala,-28.87,153.32,2025
Koala,-31.07,151.43,2023
Koala,-34.11,150.82,2024
Koala,-27.53,153.11,2023
Koala,-19.13,146.87,2024
Koala,-34.39,150.63,2021
Koala,-31.73,152.11,2024
Koala,-28.35,153.25,2024
Koala,-33.76,150.05,2024
Koala,-35.12,138.72,2022
Koala,-31.55,151.42,2024
Koala,-32.69,151.66,2021
Koala,-34.86,138.66,2025
Koala,-34.42,150.64,2021
Koala,-31.47,152.93,2025
Koala,-31.67,151.85,2024
Koala,-31.46,152.91,2022
Koala,-28.43,153.17,2024
Koala,-27.83,153.28,2025
Koala,-30.44,153.05,2022
Koala,-34.14,150.79,2023
Koala,-30.69,151.36,2023
Koala,-32.94,150.84,2024
Koala,-28.26,153.4,2021
Koala,-36.08,149.23,2024
Koala,-30.59,151.29,2023
Koala,-31.64,151.78,2024
Koala,-31.95,151.79,2024
Koala,-31.76,152.1,2024
Koala,-33.33,150.96,2023
Koala,-36.25,149.36,2023
Koala,-32.29,151.98,2023
Koala,-31.73,152.11,2024
Koala,-33.41,150.79,2023
Koala,-32.29,152.01,2023
Koala,-28.41,153.15,2024
Koala,-34.46,150.52,2021
Koala,-32.71,152.07,2025
Koala,-36.17,149.4,2024
Koala,-28.39,153.56,2021
Koala,-28.61,153.32,2024
Koala,-28.67,153.1,2024
Koala,-36.31,149.93,2024
Koala,-31.38,151.83,2024
Koala,-27.49,153.25,2023
Koala,-32.01,151.4,2024
Koala,-28.36,153.29,2024
Koala,-36.16,149.27,2024
Koala,-31.63,152.79,2023
Koala,-32.17,151.79,2024
Koala,-30.64,151.31,2023
Koala,-34.04,150.88,2024
Koala,-32.33,152.23,2023
Koala,-32.31,152.01,2023
Koala,-27.51,153.08,2021
Koala,-34.4,150.56,2023
Koala,-34.04,150.89,2023
Koala,-31.2,152.71,2024
Koala,-31.99,152.43,2024
Koala,-31.62,152.12,2024
Koala,-30.64,151.31,2023
Koala,-34.22,150.79,2023
Koala,-27.53,153.09,2023
Koala,-32.71,152.07,2025
Koala,-34.4,150.63,2021
Koala,-36.08,149.23,2024
Koala,-31.95,151.79,2024
Koala,-32.32,152.05,2023
Koala,-36.44,149.98,2024
Koala,-36.08,149.23,2024
Koala,-27.44,152.92,2021
Koala,-34.08,150.86,2024
Koala,-34.61,150.01,2023
Koala,-27.57,153.29,2024
Koala,-28.68,153.22,2024
Koala,-28.91,153.26,2024
Koala,-31.62,151.85,2024
Koala,-33.14,150.72,2023
Koala,-34.49,150.64,2021
Koala,-35.07,150.13,2024
Koala,-34.15,150.8,2025
Koala,-35.8,149.23,2024
Koala,-34.51,150.55,2023
Koala,-34.04,150.88,2024
Koala,-33.25,150.71,2024
Koala,-34.57,150.78,2025
Koala,-28.4,153.23,2024
Koala,-34.46,150.52,2021
Koala,-32.29,152.04,2023
Koala,-33.78,150.13,2024
Koala,-28.87,153.2,2024
Koala,-31.79,152.13,2024
Koala,-28.86,153.31,2022
Koala,-27.53,153.11,2024
Koala,-34.45,150.52,2021
Koala,-35.05,150.11,2024
Koala,-30.43,153.04,2022
Koala,-34.12,150.98,2023
Koala,-27.55,153.06,2023
Koala,-31.62,152.12,2024
Koala,-34.04,150.88,2024
Koala,-30.35,151.68,2023
Koala,-34.46,150.61,2021
Koala,-33.35,150.92,2023
Koala,-28.61,152.78,2024
Koala,-31.42,152.08,2024
Koala,-34.5,150.55,2023
Koala,-34.47,150.52,2021
Koala,-34.08,150.86,2025
Koala,-27.53,153.11,2023
Koala,-32.46,151.66,2024
Koala,-33.41,150.79,2023
Koala,-31.53,151.5,2024
Koala,-31.87,150.23,2023
Koala,-34.45,150.52,2021
Koala,-28.83,153.32,2024
Koala,-29.49,153.11,2022
Koala,-34.04,150.88,2023
Koala,-34.42,150.63,2021
Koala,-36.08,149.23,2024
Koala,-27.53,153.09,2025
Koala,-34.49,150.64,2021
Koala,-31.48,152.91,2023
Koala,-30.64,151.31,2023
Koala,-27.51,153.08,2025
Koala,-33.65,150.26,2024
Koala,-29.49,153.1,2022
Koala,-31.66,152.12,2024
Koala,-27.53,153.09,2024
Koala,-34.51,150.61,2024
Koala,-31.55,152.63,2024
Koala,-27.53,153.11,2024
Koala,-34.04,150.89,2024
Koala,-28.7,152.87,2023
Koala,-31.92,152.37,2025
Koala,-30.64,151.31,2023
Koala,-30.42,153.01,2022
Koala,-31.61,152.29,2023
Koala,-34.41,150.64,2023
Koala,-31.44,152.91,2021
Koala,-34.2,150.79,2025
Koala,-27.5,153.07,2022
Koala,-30.59,151.31,2023
Koala,-30.41,153.06,2025
Koala,-27.53,153.11,2025
Koala,-34.0,150.81,2025
Koala,-28.62,153.35,2024
Koala,-30.58,151.3,2023
Koala,-28.41,153.15,2024
Koala,-34.42,150.6,2021
Koala,-31.47,152.44,2024
Koala,-36.31,149.32,2023
Koala,-32.17,151.61,2024
Koala,-34.1,150.98,2024
Koala,-36.53,149.98,2023
Koala,-27.55,151.51,2023
Koala,-31.64,152.64,2024
Koala,-31.78,152.19,2024
Koala,-32.29,152.03,2023
Koala,-30.34,151.58,2023
Koala,-31.64,152.36,2024
Koala,-33.78,150.13,2024
Koala,-27.41,152.0,2023
Koala,-34.1,150.87,2023
Koala,-33.46,150.81,2023
Koala,-28.46,153.33,2024
Koala,-34.77,146.59,2023
Koala,-30.64,151.31,2023
Koala,-27.53,153.09,2025
Koala,-31.91,151.61,2024
Koala,-34.05,151.01,2024
Koala,-34.08,150.86,2023
Koala,-34.72,146.5,2023
Koala,-34.46,150.57,2024
Koala,-34.41,150.64,2023
Koala,-34.08,150.86,2024
Koala,-36.08,149.3,2024
Koala,-30.56,152.99,2021
Koala,-36.04,149.32,2024
Koala,-32.31,152.04,2023
Koala,-31.84,150.19,2023
Koala,-32.2,149.86,2023
Koala,-36.31,149.32,2022
Koala,-27.53,153.09,2025
Koala,-30.16,152.58,2023
Koala,-31.79,152.13,2024
Koala,-31.93,152.4,2023
Koala,-29.49,153.11,2025
Koala,-32.75,152.07,2021
Koala,-32.29,152.01,2023
Koala,-34.14,150.79,2023
Koala,-33.84,150.22,2024
Koala,-34.51,150.61,2023
Koala,-34.81,146.73,2023
Koala,-32.17,151.98,2025
Koala,-33.04,151.34,2025
Koala,-27.51,153.25,2024
Koala,-34.76,146.57,2023
Koala,-34.85,146.79,2023
Koala,-33.74,150.11,2024
Koala,-28.8,153.11,2023
Koala,-34.92,138.54,2024
Koala,-28.53,152.51,2024
Koala,-27.5,153.25,2023
Koala,-34.45,150.52,2021
Koala,-35.84,145.28,2024
Koala,-30.63,151.28,2023
Koala,-27.53,153.09,2025
Koala,-31.94,152.41,2024
Koala,-38.35,146.39,2023
Koala,-27.26,152.05,2022
Koala,-32.89,151.57,2025
Koala,-30.69,151.33,2023
Koala,-33.74,150.07,2024
Koala,-31.67,151.82,2024
Koala,-31.37,152.72,2024
Koala,-34.9,138.7,2024
Koala,-30.35,151.68,2023
Koala,-31.47,152.91,2025
Koala,-28.87,153.2,2024
Koala,-34.04,150.89,2025
Koala,-33.71,150.79,2023
Koala,-31.92,152.33,2024
Koala,-27.8,151.6,2024
Koala,-34.86,150.15,2024
Koala,-32.28,152.0,2023
Koala,-31.95,151.79,2024
Koala,-34.15,150.79,2025
Koala,-34.04,150.89,2024
Koala,-32.27,151.98,2023
Koala,-28.43,153.17,2024
Koala,-38.64,145.71,2025
Koala,-28.81,153.29,2021
Koala,-35.01,138.59,2022
Koala,-28.96,152.71,2024
Koala,-34.72,146.5,2023
Koala,-36.18,149.26,2022
Koala,-30.52,151.52,2023
Koala,-31.73,151.77,2023
Koala,-31.89,152.35,2025
Koala,-31.43,152.9,2022
Koala,-34.05,150.88,2024
Koala,-34.51,150.55,2023
Koala,-32.98,151.4,2025
Koala,-30.64,151.31,2023
Koala,-36.66,149.96,2023
Koala,-30.5,151.47,2023
Koala,-27.49,153.25,2023
Koala,-34.45,150.52,2021
Koala,-34.41,150.64,2023
Koala,-34.36,150.56,2021
Koala,-28.41,153.15,2024
Koala,-31.55,151.42,2024
Koala,-32.59,149.98,2023
Koala,-34.42,150.63,2021
Koala,-32.28,152.0,2023
Koala,-34.67,146.4,2023
Koala,-34.89,138.63,2024
Koala,-33.01,151.34,2025
Koala,-34.45,150.52,2021
Koala,-32.11,151.47,2025
Koala,-33.46,150.81,2023
Koala,-34.44,150.62,2021
Koala,-34.11,150.87,2023
Koala,-33.43,150.8,2024
Koala,-28.82,153.31,2024
Koala,-34.88,150.14,2024
Koala,-28.89,153.44,2023
Koala,-36.31,149.32,2023
Koala,-27.53,153.09,2024
Koala,-32.28,152.04,2023
Koala,-34.97,138.69,2023
Koala,-31.99,151.79,2024
Koala,-34.46,150.52,2021
Koala,-29.49,153.11,2025
Koala,-28.26,153.4,2021
Koala,-28.57,153.43,2021
Koala,-32.31,151.79,2023
Koala,-30.64,151.31,2023
Koala,-27.51,153.08,2025
Koala,-32.03,152.38,2024
Koala,-38.26,145.05,2024
Koala,-33.0,149.56,2023
Koala,-31.96,152.19,2024
Koala,-30.69,151.33,2023
Koala,-36.21,149.32,2022
Koala,-30.59,151.31,2023
Koala,-31.42,152.52,2024
Koala,-29.01,152.68,2024
Koala,-34.87,150.11,2024
Koala,-32.3,152.03,2023
Koala,-28.48,152.62,2024
Koala,-34.08,150.86,2025
Koala,-32.32,152.05,2023
Koala,-34.21,150.81,2025
Koala,-28.93,152.6,2024
Koala,-27.49,153.25,2023
Koala,-31.64,151.78,2024
Koala,-34.5,150.65,2023
Koala,-32.28,152.04,2023
Koala,-34.08,150.86,2023
Koala,-30.64,151.31,2023
Koala,-32.32,152.05,2023
Koala,-35.0,150.16,2024
Koala,-32.28,152.04,2023
Koala,-27.53,153.11,2023
Koala,-34.08,150.86,2023
Koala,-34.51,150.53,2023
Koala,-32.31,152.04,2023
Koala,-33.76,150.05,2024
Koala,-33.39,150.73,2023
Koala,-27.53,153.03,2025
Koala,-30.59,151.29,2023
Koala,-31.34,150.6,2023
Koala,-31.85,150.24,2023
Koala,-34.09,150.98,2023
Koala,-34.03,150.89,2023
Koala,-32.27,151.98,2023
Koala,-35.02,138.68,2024
Koala,-32.12,152.29,2024
Koala,-36.18,149.26,2022
Koala,-34.42,150.61,2021
Koala,-33.04,151.34,2025
Koala,-32.43,152.07,2025
Koala,-28.59,153.42,2023
Koala,-30.64,151.31,2023
Koala,-35.75,136.87,2022
Koala,-34.08,150.86,2025
Koala,-28.45,152.67,2024
Koala,-31.69,152.11,2024
Koala,-34.15,150.79,2024
Koala,-30.64,151.31,2023
Koala,-31.99,152.43,2024
Koala,-34.49,150.64,2021
Koala,-33.14,150.72,2023
Koala,-34.99,138.71,2022
Koala,-28.82,153.3,2024
Koala,-32.3,152.04,2023
Koala,-31.53,151.5,2024
Koala,-31.37,152.72,2024
Koala,-27.3,153.0,2022
Koala,-34.49,150.64,2021
Koala,-28.36,153.29,2024
Koala,-34.49,150.64,2021
Koala,-34.9,150.16,2024
Koala,-30.69,151.33,2023
Koala,-28.87,153.42,2024
Koala,-31.92,152.38,2021
Koala,-36.44,149.98,2024
Koala,-34.5,150.59,2021
Koala,-27.32,151.92,2024
Koala,-28.68,152.99,2024
Koala,-27.36,152.16,2022
Koala,-33.82,150.11,2024
Koala,-33.78,150.1,2024
Koala,-34.08,150.17,2023
Koala,-31.76,152.1,2024
Koala,-33.76,150.05,2024
Koala,-34.44,150.6,2021
Koala,-32.3,152.07,2023
Koala,-34.47,150.52,2021
Koala,-34.44,150.6,2021
Koala,-32.52,151.93,2023
Koala,-28.8,152.84,2022
Koala,-31.45,152.91,2024
Koala,-28.95,153.31,2021
Koala,-38.36,146.39,2024
Koala,-33.5,150.74,2023
Koala,-28.95,153.31,2023
Koala,-27.55,153.07,2025
Koala,-34.4,150.62,2021
Koala,-32.3,152.07,2023
Koala,-27.52,153.21,2025
Koala,-31.64,151.78,2024
Koala,-32.29,151.99,2023
Koala,-30.69,151.33,2023
Koala,-30.69,151.33,2023
Koala,-31.42,152.08,2024
Koala,-32.71,152.06,2023
Koala,-36.77,149.51,2023
Koala,-31.61,152.53,2024
Koala,-31.59,151.5,2023
Koala,-30.64,151.31,2023
Koala,-33.76,149.99,2024
Koala,-27.53,153.09,2025
Koala,-31.67,151.85,2024
Koala,-34.43,150.61,2021
Koala,-29.73,152.93,2022
Koala,-28.26,153.5,2024
Koala,-27.51,153.26,2024
Koala,-31.2,152.74,2024
Koala,-28.45,153.4,2024
Koala,-31.34,152.64,2024
Koala,-27.92,153.32,2022
Koala,-33.35,150.92,2023
Koala,-34.1,150.98,2021
Koala,-28.81,153.36,2023
Koala,-31.79,152.13,2024
Koala,-30.64,151.31,2023
Koala,-34.88,150.14,2024
Koala,-30.53,151.53,2023
Koala,-31.45,152.46,2024
Koala,-33.03,151.38,2025
Koala,-31.67,151.56,2024
Koala,-34.06,150.87,2024
Koala,-34.39,150.63,2021
Koala,-28.46,152.59,2024
Koala,-32.01,151.91,2024
Koala,-27.41,152.0,2023
Koala,-34.08,150.86,2024
Koala,-30.44,153.04,2022
Koala,-33.85,150.09,2024
Koala,-31.3,152.87,2023
Koala,-27.54,153.07,2025
Koala,-29.01,152.68,2024
Koala,-27.5,153.23,2024
Koala,-31.81,150.14,2023
Koala,-30.39,153.05,2023
Koala,-32.08,151.72,2024
Koala,-28.4,153.23,2024
Koala,-34.14,150.8,2023
Koala,-33.4,150.83,2023
Koala,-31.9,152.3,2024
Koala,-31.84,150.24,2023
Koala,-34.77,146.59,2023
Koala,-26.59,151.82,2023
Koala,-28.47,153.04,2021
Koala,-27.54,153.06,2025
Koala,-29.43,152.76,2023
Koala,-31.45,152.92,2022
Koala,-31.52,151.91,2023
Koala,-34.43,150.62,2021
Koala,-32.29,152.03,2023
Koala,-32.29,152.04,2023
Koala,-34.43,150.61,2021
Koala,-36.18,149.36,2024
Koala,-32.28,152.04,2023
Koala,-34.04,150.88,2023
Koala,-28.98,152.62,2024
Koala,-36.28,149.35,2024
Koala,-28.93,152.6,2024
Koala,-28.36,153.29,2024
Koala,-31.47,152.92,2024
Koala,-28.6,153.32,2023
Koala,-31.83,150.18,2023
Koala,-31.94,152.41,2024
Koala,-34.34,150.35,2022
Koala,-36.08,149.23,2024
Koala,-33.31,150.92,2023
Koala,-31.99,152.43,2024
Koala,-35.07,150.16,2024
Koala,-36.18,149.26,2022
Koala,-27.65,151.71,2024
Koala,-30.64,151.31,2023
Koala,-34.17,150.8,2023
Koala,-36.18,149.35,2021
Koala,-32.32,152.02,2023
Koala,-32.29,152.03,2023
Koala,-34.7,150.38,2021
Koala,-29.43,152.76,2023
Koala,-32.6,151.68,2024
Koala,-30.59,151.29,2023
Koala,-31.73,152.11,2024
Koala,-28.91,153.26,2024
Koala,-34.77,146.59,2023
Koala,-31.13,152.84,2023
Koala,-34.42,150.61,2021
Koala,-30.59,151.31,2023
Koala,-30.34,152.61,2023
Koala,-31.67,152.54,2024
Koala,-29.48,153.1,2022
Koala,-28.45,153.19,2024
Koala,-31.52,151.91,2023
Koala,-31.96,152.19,2024
Koala,-19.13,146.87,2023
Koala,-31.95,151.79,2024
Koala,-34.08,150.86,2023
Koala,-33.4,150.83,2023
Koala,-36.5,149.96,2024
Koala,-29.81,152.81,2021
Koala,-31.84,150.24,2023
Koala,-28.67,153.1,2024
Koala,-30.69,151.33,2023
Koala,-34.04,150.88,2023
Koala,-31.84,150.23,2025
Koala,-26.87,152.59,2025
Koala,-31.5,152.81,2023
Koala,-28.41,153.55,2022
Koala,-32.29,152.01,2023
Koala,-28.17,152.91,2021
Koala,-36.27,149.35,2022
Koala,-32.29,152.06,2023
Koala,-34.43,150.62,2021
Koala,-33.09,150.8,2022
Koala,-28.45,152.67,2024
Koala,-33.46,150.83,2022
Koala,-34.7,146.42,2023
Koala,-33.39,150.73,2023
Koala,-28.87,153.2,2024
Koala,-28.25,153.48,2023
Koala,-28.26,153.4,2022
Koala,-32.7,152.06,2022
Koala,-34.74,146.53,2024
Koala,-34.47,150.52,2021
Koala,-34.51,150.55,2023
Koala,-31.15,152.89,2024
Koala,-28.03,153.32,2025
Koala,-34.43,150.6,2021
Koala,-34.93,150.01,2023
Koala,-28.32,153.25,2024
Koala,-27.51,153.2,2023
Koala,-31.75,152.76,2024
Koala,-34.9,138.7,2023
Koala,-34.51,150.61,2023
Koala,-34.77,146.59,2023
Koala,-29.43,152.76,2023
Koala,-30.64,151.31,2023
Koala,-31.59,152.17,2024
Koala,-34.87,150.11,2024
Koala,-31.94,151.6,2024
Koala,-28.82,153.32,2024
Koala,-31.65,152.61,2024
Koala,-28.91,153.26,2024
Koala,-36.12,149.33,2024
Koala,-36.39,149.34,2024
Koala,-31.73,150.0,2023
Koala,-34.04,150.89,2023
Koala,-28.85,153.32,2023
Koala,-32.93,151.52,2022
Koala,-37.24,144.83,2025
Koala,-34.08,150.86,2023
Koala,-31.38,151.83,2024
Koala,-28.86,153.31,2023
Koala,-28.73,153.55,2022
Koala,-36.4,149.3,2024
Koala,-33.46,149.34,2023
Koala,-34.44,150.62,2021
Koala,-34.08,150.86,2025
Koala,-34.14,150.8,2025
Koala,-31.15,152.89,2024
Koala,-31.93,152.5,2021
Koala,-32.3,152.07,2023
Koala,-33.32,150.77,2022
Koala,-34.44,150.52,2021
Koala,-30.69,151.36,2023
Koala,-34.39,150.64,2021
Koala,-31.53,151.5,2024
Koala,-32.23,152.29,2023
Koala,-28.35,153.25,2024
Koala,-30.37,151.57,2022
Koala,-32.01,151.4,2024
Koala,-28.23,153.4,2024
Koala,-34.76,150.16,2022
Koala,-30.64,151.31,2023
Koala,-28.94,153.27,2023
Koala,-27.51,153.25,2024
Koala,-32.03,152.43,2024
Koala,-32.43,151.99,2022
Koala,-33.14,150.72,2023
Koala,-31.44,152.88,2023
Koala,-32.29,151.99,2023
Koala,-36.14,149.32,2022
Koala,-28.58,152.79,2024
Koala,-32.73,152.0,2021
Koala,-28.19,152.52,2024
Koala,-34.49,150.63,2021
Koala,-32.64,151.63,2024
Koala,-36.1,149.32,2023
Koala,-34.89,138.73,2025
Koala,-36.08,149.23,2024
Koala,-32.28,152.04,2023
Koala,-30.42,153.0,2022
Koala,-30.58,151.3,2023
Koala,-29.48,153.1,2022
Koala,-32.76,152.1,2022
Koala,-34.87,150.11,2024
Koala,-32.29,152.03,2023
Koala,-31.56,151.51,2023
Koala,-30.5,151.67,2024
Koala,-28.81,153.34,2025
Koala,-34.14,150.8,2025
Koala,-34.14,150.79,2024
Koala,-34.08,150.86,2023
Koala,-37.87,142.29,2025
Koala,-31.94,151.6,2024
Koala,-34.39,150.64,2021
Koala,-33.55,150.66,2022
Koala,-30.59,151.29,2023
Koala,-31.69,152.11,2024
Koala,-32.59,151.77,2022
Koala,-31.73,152.11,2024
Koala,-30.64,151.31,2023
Koala,-28.29,153.23,2024
Koala,-29.9,152.85,2024
Koala,-34.38,150.62,2021
Koala,-31.71,151.63,2024
Koala,-33.78,150.13,2024
Koala,-27.49,153.24,2023
Koala,-30.69,151.33,2023
Koala,-33.84,150.22,2024
Koala,-30.37,153.02,2023
Koala,-28.63,153.43,2022
Koala,-27.5,152.9,2023
Koala,-32.69,151.7,2021
Koala,-36.18,149.26,2022
Koala,-30.42,151.63,2023
Koala,-28.46,153.37,2024
Koala,-32.12,152.29,2024
Koala,-29.49,153.11,2025
Koala,-28.41,153.15,2024
Koala,-28.37,152.56,2022
Koala,-28.41,153.15,2024
Koala,-27.55,153.26,2021
Koala,-29.43,152.76,2023
Koala,-36.26,149.4,2022
Koala,-31.79,152.13,2024
Koala,-32.94,151.56,2025
Koala,-31.84,150.24,2023
Koala,-36.19,149.37,2022
Koala,-28.5,152.85,2024
Koala,-34.72,146.5,2023
Koala,-27.55,153.27,2021
Koala,-28.39,153.56,2023
Koala,-30.41,153.02,2022
Koala,-27.51,153.11,2025
Koala,-27.57,153.1,2023
Koala,-29.49,153.1,2023
Koala,-34.42,150.63,2021
Koala,-34.2,150.8,2023
Koala,-30.42,151.63,2023
Koala,-33.01,151.36,2025
Koala,-32.15,151.83,2024
Koala,-32.27,151.98,2023
Koala,-27.75,153.15,2023
Koala,-34.77,146.59,2023
Koala,-31.89,152.48,2021
Koala,-34.46,150.52,2021
Koala,-31.84,152.14,2024
Koala,-36.2,149.37,2024
Koala,-34.43,150.61,2021
Koala,-30.24,152.9,2022
Koala,-31.84,150.19,2023
Koala,-32.59,149.98,2023
Koala,-34.92,150.16,2024
Koala,-28.93,152.6,2024
Koala,-27.48,152.54,2025
Koala,-33.08,151.02,2024
Koala,-31.3,152.87,2024
Koala,-33.26,150.64,2023
Koala,-28.69,153.5,2024
Koala,-34.5,150.55,2023
Koala,-30.63,151.49,2022
Koala,-33.49,150.66,2023
Koala,-31.95,151.79,2024
Koala,-32.3,152.04,2023
Koala,-30.66,151.31,2023
Koala,-31.38,151.83,2024
Koala,-29.48,153.1,2021
Koala,-31.48,152.91,2024
Koala,-34.06,150.92,2023
Koala,-28.55,152.54,2024
Koala,-32.29,151.99,2023
Koala,-28.7,152.75,2024
Koala,-32.63,151.66,2024
Koala,-28.67,153.08,2024
Koala,-33.72,150.78,2024
Koala,-30.34,151.67,2023
Koala,-29.82,152.65,2024
Koala,-30.63,151.28,2023
Koala,-28.67,153.08,2024
Koala,-32.15,151.93,2025
Koala,-32.03,152.38,2024
Koala,-27.35,152.03,2022
Koala,-35.94,149.28,2024
Koala,-32.08,151.72,2024
Koala,-34.41,150.57,2024
Koala,-32.32,152.05,2023
Koala,-30.59,151.31,2023
Koala,-28.64,153.08,2024
Koala,-34.48,150.53,2021
Koala,-36.17,149.29,2022
Koala,-30.52,151.52,2023
Koala,-37.69,144.34,2023
Koala,-34.72,146.5,2023
Koala,-30.71,151.36,2023
Koala,-32.66,150.93,2022
Koala,-28.64,153.39,2025
Koala,-31.91,152.38,2024
Koala,-32.61,149.86,2023
Koala,-34.45,150.52,2021
Koala,-34.04,150.89,2023
Koala,-36.14,149.32,2022
Koala,-34.21,150.8,2023
Koala,-36.14,149.32,2022
Koala,-33.5,150.74,2023
Koala,-33.78,150.13,2024
Koala,-32.3,152.04,2023
Koala,-34.44,150.6,2021
Koala,-32.28,152.04,2023
Koala,-27.9,153.37,2023
Koala,-28.63,153.43,2021
Koala,-33.78,150.13,2024
Koala,-34.08,150.86,2023
Koala,-30.59,151.29,2023
Koala,-32.02,152.35,2024
Koala,-36.14,149.32,2022
Koala,-30.51,152.92,2024
Koala,-31.91,152.41,2023
Koala,-34.49,150.64,2021
Koala,-31.64,152.76,2024
Koala,-31.55,152.16,2024
Koala,-28.49,153.17,2024
Koala,-33.71,150.11,2024
Koala,-29.05,152.93,2025
Koala,-28.48,152.62,2024
Koala,-33.31,150.92,2023
Koala,-33.26,150.68,2023
Koala,-28.22,153.47,2022
Koala,-28.7,152.75,2024
Koala,-34.08,150.86,2025
Koala,-35.05,150.11,2024
Koala,-33.76,149.44,2024
Koala,-31.62,152.12,2024
Koala,-31.7,152.51,2024
Koala,-30.44,152.98,2022
Koala,-28.83,153.2,2024
Koala,-36.27,149.29,2024
Koala,-36.08,149.23,2024
Koala,-27.61,153.2,2023
Koala,-31.94,151.6,2024
Koala,-30.72,149.11,2024
Koala,-31.91,151.61,2024
Koala,-31.71,152.15,2024
Koala,-31.83,150.18,2023
Koala,-32.57,151.8,2021
Koala,-33.13,151.1,2025
Koala,-31.98,152.38,2024
Koala,-34.04,150.88,2024
Koala,-32.29,152.05,2023
Koala,-31.31,151.14,2023
Koala,-31.78,152.71,2023
Koala,-34.94,138.79,2022
Koala,-34.42,150.63,2021
Koala,-31.61,152.18,2024
Koala,-34.45,150.52,2021
Koala,-32.29,152.04,2023
Koala,-34.43,150.61,2021
Koala,-31.76,152.1,2024
Koala,-34.44,150.62,2021
Koala,-28.67,152.46,2024
Koala,-31.45,152.92,2021
Koala,-30.35,151.68,2023
Koala,-33.78,150.1,2024
Koala,-34.86,150.15,2024
Koala,-31.67,151.85,2024
Koala,-36.1,149.34,2021
Koala,-34.4,150.64,2021
Koala,-31.53,152.26,2024
Koala,-31.8,152.59,2024
Koala,-34.08,150.86,2024
Koala,-34.21,150.81,2022
Koala,-34.92,150.16,2024
Koala,-30.64,151.31,2023
Koala,-30.64,151.31,2023
Koala,-34.7,146.48,2023
Koala,-35.84,145.28,2024
Koala,-34.85,146.79,2023
Koala,-34.72,146.5,2023
Koala,-27.53,153.09,2024
Koala,-30.41,153.04,2022
Koala,-34.89,138.72,2024
Koala,-36.08,149.39,2024
Koala,-29.49,153.11,2025
Koala,-31.69,152.11,2024
Koala,-34.04,150.89,2023
Koala,-34.03,150.89,2023
Koala,-32.2,149.86,2023
Koala,-29.49,153.1,2023
Koala,-33.78,150.13,2024
Koala,-31.95,151.79,2024
Koala,-28.67,153.36,2022
Koala,-27.53,153.09,2024
Koala,-36.08,149.23,2024
Koala,-30.11,152.77,2021
Koala,-29.87,150.6,2025
Koala,-34.91,138.71,2022
Koala,-36.27,149.41,2024
Koala,-30.64,151.31,2023
Koala,-31.47,152.94,2024
Koala,-34.65,146.41,2023
Koala,-32.28,151.77,2024
Koala,-30.59,151.29,2023
Koala,-31.79,152.13,2024
Koala,-27.51,153.2,2025
Koala,-28.91,153.26,2024
Koala,-27.82,153.1,2024
Koala,-36.18,149.36,2024
Koala,-30.22,153.14,2021
Koala,-30.41,153.05,2022
Koala,-32.33,152.01,2024
Koala,-28.33,152.61,2022
Koala,-31.4,152.86,2025
Koala,-31.73,152.11,2024
Koala,-28.84,153.36,2023
Koala,-28.42,153.2,2024
Koala,-30.5,151.47,2023
Koala,-32.71,152.06,2021
Koala,-27.8,153.06,2022
Koala,-34.43,150.61,2021
Koala,-28.41,153.15,2024
Koala,-34.08,150.86,2025
Koala,-35.08,138.58,2021
Koala,-33.34,150.7,2023
Koala,-38.39,145.14,2025
Koala,-27.51,153.08,2021
Koala,-30.49,151.7,2023
Koala,-36.18,149.36,2024
Koala,-34.08,150.87,2025
Koala,-34.32,150.72,2024
Koala,-33.78,150.13,2024
Koala,-32.27,151.98,2023
Koala,-34.43,150.6,2021
Koala,-31.92,152.37,2025
Koala,-32.52,151.93,2023
Koala,-28.7,152.87,2023
Koala,-36.03,149.35,2023
Koala,-36.77,149.51,2023
Koala,-36.07,149.31,2022
Koala,-28.26,153.4,2021
Koala,-31.64,152.64,2024
Koala,-27.53,153.09,2025
Koala,-34.04,150.88,2024
Koala,-28.65,152.79,2024
Koala,-31.34,152.64,2024
Koala,-33.8,150.03,2024
Koala,-36.27,149.29,2024
Koala,-30.49,151.7,2023
Koala,-31.54,150.48,2023
Koala,-27.54,153.05,2025
Koala,-29.76,151.11,2022
Koala,-32.28,152.04,2023
Koala,-27.55,153.06,2021
Koala,-34.44,150.6,2021
Koala,-31.46,152.93,2021
Koala,-36.05,149.4,2024
Koala,-31.76,152.1,2024
Koala,-31.96,152.19,2024
Koala,-27.51,153.25,2025
Koala,-34.7,150.38,2021
Koala,-36.21,149.32,2023
Koala,-30.26,152.81,2023
Koala,-28.29,153.23,2024
Koala,-28.45,152.73,2024
Koala,-29.49,153.1,2021
Koala,-34.39,150.63,2021
Koala,-33.14,150.72,2023
Koala,-32.28,152.0,2023
Koala,-31.92,152.38,2024
Koala,-29.87,150.6,2024
Koala,-28.85,153.25,2024
Koala,-31.62,152.34,2024
Koala,-34.11,150.95,2024
Koala,-34.06,150.87,2024
Koala,-31.6,152.12,2024
Koala,-32.94,150.84,2024
Koala,-32.28,152.04,2023
Koala,-30.01,152.38,2024
Koala,-28.41,153.15,2024
Koala,-34.15,150.79,2025
Koala,-36.03,149.29,2024
Koala,-30.42,151.63,2023
Koala,-34.42,150.63,2021
Koala,-28.58,152.79,2024
Koala,-35.05,150.11,2024
Koala,-35.83,145.19,2023
Koala,-31.64,152.36,2024
Koala,-34.08,150.86,2025
Koala,-31.99,151.84,2024
Koala,-31.61,152.53,2024
Koala,-28.55,152.35,2023
Koala,-36.45,149.32,2024
Koala,-32.29,152.01,2023
Koala,-32.68,151.66,2022
Koala,-28.4,153.23,2024
Koala,-30.64,151.31,2023
Koala,-34.15,150.83,2024
Koala,-31.64,152.79,2022
Koala,-28.48,152.77,2024
Koala,-30.38,153.03,2024
Koala,-34.45,150.52,2021
Koala,-27.69,153.07,2024
Koala,-34.76,146.57,2023
Koala,-27.53,153.27,2021
Koala,-38.14,145.27,2023
Koala,-34.5,150.55,2023
Koala,-34.04,150.89,2024
Koala,-30.35,151.68,2023
Koala,-30.11,152.86,2023
Koala,-27.81,153.06,2023
Koala,-34.36,150.5,2023
Koala,-30.5,151.47,2023
Koala,-36.16,149.25,2022
Koala,-31.53,151.5,2024
Koala,-34.42,150.61,2021
Koala,-35.0,150.13,2024
Koala,-28.65,153.36,2021
Koala,-34.89,138.72,2024
Koala,-30.64,151.31,2023
Koala,-29.8,150.92,2024
Koala,-34.76,146.58,2024
Koala,-32.98,151.08,2024
Koala,-32.38,151.99,2023
Koala,-34.06,150.87,2024
Koala,-32.28,152.04,2023
Koala,-32.85,150.86,2024
Koala,-36.18,149.26,2023
Koala,-34.14,150.8,2023
Koala,-30.42,152.98,2022
Koala,-27.52,153.13,2021
Koala,-34.46,150.52,2021
Koala,-32.32,152.05,2023
Koala,-33.48,150.68,2023
Koala,-31.63,152.79,2024
Koala,-27.48,151.87,2023
Koala,-33.76,150.05,2024
Koala,-28.82,153.3,2025
Koala,-36.08,149.3,2024
Koala,-27.51,153.07,2021
Koala,-28.81,153.28,2024
Koala,-34.86,150.15,2024
Koala,-32.03,152.38,2024
Koala,-34.04,150.89,2024
Koala,-31.46,152.91,2021
Koala,-34.42,150.6,2021
Koala,-30.58,151.3,2023
Koala,-33.44,150.56,2023
Koala,-32.3,152.02,2023
Koala,-31.48,152.79,2023
Koala,-34.4,150.64,2021
Koala,-32.32,152.05,2023
Koala,-34.49,150.64,2021
Koala,-27.49,153.24,2024
Koala,-34.76,146.56,2024
Koala,-34.92,150.04,2024
Koala,-30.64,151.31,2023
Koala,-34.04,150.89,2024
Koala,-28.87,153.2,2024
Koala,-34.27,150.7,2023
Koala,-28.67,152.46,2024
Koala,-27.51,153.25,2023
Koala,-33.35,150.92,2023
Koala,-31.57,151.65,2024
Koala,-36.08,149.23,2024
Koala,-33.25,150.71,2024
Koala,-31.9,151.79,2024
Koala,-31.67,151.85,2024
Koala,-33.98,150.99,2022
Koala,-32.02,152.2,2022
Koala,-32.28,152.04,2023
Koala,-29.45,152.77,2023
Koala,-31.92,152.38,2025
Koala,-33.44,150.71,2023
Koala,-30.25,152.82,2023
Koala,-36.69,149.96,2023
Koala,-31.73,152.11,2024
Koala,-28.82,153.32,2025
Koala,-28.25,153.38,2021
Koala,-28.82,153.31,2021
Koala,-32.01,152.39,2024
Koala,-36.65,149.94,2023
Koala,-34.06,149.69,2023
Koala,-34.42,150.58,2023
Koala,-31.87,150.23,2023
Koala,-31.12,152.79,2024
Koala,-26.83,152.91,2025
Koala,-32.31,152.01,2023
Koala,-32.2,149.86,2023
Koala,-28.48,153.33,2024
Koala,-34.85,146.79,2023
Koala,-30.47,151.64,2023
Koala,-31.84,150.19,2023
Koala,-28.67,153.08,2024
Koala,-31.47,152.91,2023
Koala,-28.42,152.68,2024
Koala,-32.15,151.83,2024
Koala,-32.33,152.01,2024
Koala,-29.43,152.76,2023
Koala,-30.59,151.31,2023
Koala,-36.25,149.36,2024
Koala,-34.42,150.61,2021
Koala,-34.08,150.86,2025
Koala,-28.87,153.2,2024
Koala,-36.08,149.23,2024
Koala,-32.29,152.03,2023
Koala,-31.73,152.11,2024
Koala,-29.48,153.1,2023
Koala,-32.3,152.06,2023
Koala,-32.31,152.05,2023
Koala,-34.46,150.53,2021
Koala,-36.17,149.29,2022
Koala,-30.59,151.31,2023
Koala,-34.77,146.59,2023
Koala,-30.64,151.31,2023
Koala,-32.06,152.53,2024
Koala,-31.45,152.22,2024
Koala,-31.83,150.18,2023
Koala,-34.7,150.38,2021
Koala,-38.4,145.11,2022
Koala,-31.94,152.44,2022
Koala,-27.53,153.09,2025
Koala,-31.24,152.82,2024
Koala,-30.64,151.31,2023
Koala,-34.15,150.8,2023
Koala,-31.82,152.17,2022
Koala,-34.08,150.86,2023
Koala,-30.56,153.0,2024
Koala,-27.51,153.09,2024
Koala,-32.01,152.39,2024
Koala,-29.49,153.11,2024
Koala,-32.28,152.04,2023
Koala,-28.41,153.15,2024
Koala,-32.46,151.66,2024
Koala,-28.27,153.39,2021
Koala,-34.15,150.79,2023
Koala,-34.46,150.57,2021
Koala,-27.48,153.24,2023
Koala,-33.44,150.71,2023
Koala,-34.5,150.59,2021
Koala,-31.45,152.89,2024
Koala,-27.9,153.32,2024
Koala,-34.04,150.89,2025
Koala,-34.19,150.79,2022
Koala,-31.49,152.92,2021
Koala,-28.42,153.2,2024
Koala,-31.06,151.96,2023
Koala,-30.35,151.68,2023
Koala,-32.18,152.01,2023
Koala,-36.44,149.35,2022
Koala,-31.73,151.77,2023
Koala,-31.72,151.72,2024
Koala,-32.35,152.33,2024
Koala,-34.87,150.11,2024
Koala,-34.31,150.65,2024
Koala,-28.41,153.15,2024
Koala,-34.87,150.11,2024
Koala,-29.49,153.11,2021
Koala,-32.27,151.98,2023
Koala,-28.39,153.57,2023
Koala,-28.95,153.31,2022
Koala,-27.53,153.09,2025
Koala,-32.31,152.05,2023
Koala,-34.9,150.16,2024
Koala,-31.95,151.79,2024
Koala,-32.31,152.07,2023
Koala,-32.29,152.06,2023
Koala,-29.43,152.76,2023
Koala,-34.14,150.8,2024
Koala,-34.45,150.52,2021
Koala,-29.34,151.11,2022
Koala,-34.72,146.5,2023
Koala,-30.41,153.05,2022
Koala,-31.45,151.4,2024
Koala,-34.15,150.79,2023
Koala,-31.53,151.5,2024
Koala,-28.41,153.15,2024
Koala,-27.39,153.44,2023
Koala,-34.45,150.51,2021
Koala,-34.72,146.5,2023
Koala,-34.45,150.6,2021
Koala,-34.4,150.64,2021
Koala,-34.04,150.89,2023
Koala,-33.73,149.97,2024
Koala,-27.53,153.09,2024
Koala,-36.21,149.32,2022
Koala,-30.69,151.36,2023
Koala,-35.05,150.11,2024
Koala,-31.42,151.62,2023
Koala,-34.53,150.6,2022
Koala,-37.71,144.49,2023
Koala,-29.97,151.93,2024
Koala,-31.38,151.83,2024
Koala,-34.39,150.63,2021
Koala,-32.33,151.82,2023
Koala,-31.48,152.89,2024
Koala,-34.4,150.67,2023
Koala,-34.14,150.79,2023
Koala,-28.82,153.34,2021
Koala,-34.44,150.52,2021
Koala,-36.57,150.03,2023
Koala,-32.6,151.78,2022
Koala,-34.47,150.52,2021
Koala,-34.44,150.52,2021
Koala,-34.49,150.64,2021
Koala,-28.81,153.42,2023
Koala,-34.05,150.88,2021
Koala,-30.57,152.57,2024
Koala,-29.61,152.5,2023
Koala,-34.42,150.63,2021
Koala,-34.43,150.6,2021
Koala,-31.45,152.22,2024
Koala,-30.42,151.63,2023
Koala,-28.69,153.5,2023
Koala,-35.96,136.81,2023
Koala,-36.08,149.23,2024
Koala,-34.43,150.6,2021
Koala,-25.62,149.77,2021
Koala,-32.98,151.39,2025
Koala,-30.58,152.9,2025
Koala,-31.2,152.71,2024
Koala,-30.41,153.0,2022
Koala,-27.53,153.09,2023
Koala,-34.86,150.15,2023
Koala,-36.27,149.39,2022
Koala,-34.05,151.02,2025
Koala,-38.17,145.13,2025
Koala,-34.15,150.8,2025
Koala,-28.4,153.56,2024
Koala,-27.53,153.11,2024
Koala,-36.65,149.94,2023
Koala,-31.66,152.12,2024
Koala,-32.28,152.0,2023
Koala,-32.15,151.83,2024
Koala,-37.62,144.4,2025
Koala,-34.14,150.8,2024
Koala,-31.45,152.89,2025
Koala,-34.14,150.84,2023
Koala,-30.34,152.99,2023
Koala,-31.67,151.85,2024
Koala,-34.46,150.61,2021
Koala,-33.74,150.11,2024
Koala,-28.91,153.26,2024
Koala,-34.45,150.52,2021
Koala,-19.14,146.83,2024
Koala,-32.0,152.16,2023
Koala,-28.43,152.65,2024
Koala,-36.14,149.32,2022
Koala,-34.45,150.52,2021
Koala,-34.08,150.86,2025
Koala,-34.42,150.63,2021
Koala,-31.47,152.44,2024
Koala,-32.52,151.93,2023
Koala,-30.89,152.79,2022
Koala,-33.78,150.1,2024
Koala,-33.74,150.11,2024
Koala,-34.06,150.89,2023
Koala,-30.64,151.31,2023
Koala,-34.1,150.82,2025
Koala,-32.28,152.04,2023
Koala,-32.85,149.5,2023
Koala,-34.44,150.52,2021
Koala,-30.5,151.47,2023
Koala,-30.52,151.52,2023
Koala,-28.42,152.68,2024
Koala,-36.03,149.29,2024
Koala,-28.55,152.35,2023
Koala,-30.69,151.36,2023
Koala,-31.62,152.12,2024
Koala,-36.29,149.29,2024
Koala,-32.0,152.34,2024
Koala,-27.55,153.07,2024
Koala,-29.35,150.2,2021
Koala,-30.43,152.96,2022
Koala,-28.64,153.08,2024
Koala,-31.38,151.83,2024
Koala,-28.63,152.18,2024
Koala,-31.66,152.12,2024
Koala,-34.42,150.61,2021
Koala,-34.45,150.52,2021
Koala,-34.02,150.89,2022
Koala,-34.08,150.86,2025
Koala,-34.45,150.52,2021
Koala,-32.3,152.04,2023
Koala,-34.14,150.8,2023
Koala,-28.42,153.2,2024
Koala,-33.78,150.13,2024
Koala,-30.88,153.07,2022
Koala,-28.75,153.48,2023
Koala,-31.77,152.43,2024
Koala,-32.74,152.17,2023
Koala,-32.28,152.04,2023
Koala,-28.45,153.19,2024
Koala,-32.51,151.68,2025
Koala,-29.14,152.99,2023
Koala,-34.47,150.52,2021
Koala,-27.53,153.09,2024
Koala,-28.66,153.48,2023
Koala,-34.14,150.8,2023
Koala,-34.16,150.79,2023
Koala,-34.14,150.79,2025
Koala,-34.11,150.82,2024
Koala,-33.14,150.72,2023
Koala,-30.42,151.63,2023
Koala,-31.99,151.79,2024
Koala,-34.92,150.16,2024
Koala,-27.53,153.09,2024
Koala,-31.43,152.9,2023
Koala,-32.73,152.09,2023
Koala,-32.3,152.03,2023
Koala,-27.51,153.08,2025
Koala,-31.84,152.14,2024
Koala,-31.38,150.59,2023
Koala,-33.09,150.8,2022
Koala,-28.55,152.35,2023
Koala,-34.22,150.79,2022
Koala,-34.46,150.66,2021
Koala,-28.7,152.87,2023
Koala,-34.86,150.15,2023
Koala,-31.47,152.91,2021
Koala,-28.4,153.23,2024
Koala,-28.93,153.27,2023
Koala,-27.26,152.06,2021
Koala,-34.02,150.99,2023
Koala,-31.82,152.18,2024
Koala,-32.92,151.54,2025
Koala,-30.64,151.31,2023
Koala,-31.79,152.13,2024
Koala,-29.49,153.11,2023
Koala,-34.52,150.66,2024
Koala,-34.14,150.8,2024
Koala,-27.53,153.11,2025
Koala,-31.54,150.48,2023
Koala,-31.45,152.89,2022
Koala,-32.3,152.04,2023
Koala,-27.82,152.99,2024
Koala,-34.39,150.63,2021
Koala,-31.26,152.9,2024
Koala,-34.43,150.62,2021
Koala,-36.03,149.29,2024
Koala,-34.14,150.79,2025
Koala,-34.94,150.14,2024
Koala,-33.3,150.66,2023
Koala,-36.4,149.3,2024
Koala,-34.72,146.5,2023
Koala,-32.03,152.21,2024
Koala,-30.69,151.33,2023
Koala,-31.83,152.23,2023
Koala,-31.44,152.91,2022
Koala,-30.64,151.31,2023
Koala,-31.34,152.64,2024
Koala,-31.87,150.23,2023
Koala,-34.39,150.63,2021
Koala,-27.51,153.2,2024
Koala,-34.05,150.88,2023
Koala,-38.32,142.36,2022
Koala,-35.8,149.23,2024
Koala,-27.49,153.24,2024
Koala,-31.98,152.38,2024
Koala,-28.6,153.1,2023
Koala,-28.76,153.13,2024
Koala,-32.56,149.86,2024
Koala,-28.62,153.4,2024
Koala,-32.29,152.05,2023
Koala,-34.35,150.38,2023
Koala,-31.6,152.12,2024
Koala,-28.83,153.32,2021
Koala,-27.49,153.25,2022
Koala,-34.42,150.63,2021
Koala,-30.63,151.28,2023
Koala,-28.59,153.07,2022
Koala,-30.61,151.29,2022
Koala,-31.2,152.71,2024
Koala,-33.38,150.83,2023
Koala,-31.49,152.76,2024
Koala,-34.42,150.63,2021
Koala,-34.86,150.15,2023
Koala,-28.43,152.65,2024
Koala,-32.29,151.99,2023
Koala,-35.01,138.72,2024
Koala,-36.38,149.36,2022
Koala,-30.64,151.31,2023
Koala,-31.45,151.4,2024
Koala,-31.68,151.62,2024
Koala,-34.46,150.57,2024
Koala,-36.27,149.29,2024
Koala,-32.15,151.83,2024
Koala,-29.49,153.1,2023
Koala,-31.95,152.39,2023
Koala,-28.58,153.55,2025
Koala,-34.14,150.8,2025
Koala,-28.7,152.87,2023
Koala,-30.64,151.31,2023
Koala,-32.28,152.0,2023
Koala,-28.65,152.75,2024
Koala,-34.03,151.03,2023
Koala,-32.32,152.05,2023
Koala,-27.65,152.9,2023
Koala,-31.3,152.87,2024
Koala,-32.66,151.68,2024
Koala,-34.83,135.69,2024
Koala,-34.06,150.86,2024
Koala,-27.94,153.29,2024
Koala,-31.68,152.57,2024
Koala,-31.47,152.21,2024
Koala,-30.89,152.64,2024
Koala,-27.74,153.19,2021
Koala,-34.24,150.77,2023
Koala,-30.71,151.36,2023
Koala,-30.64,151.31,2023
Koala,-36.16,149.27,2024
Koala,-34.89,138.73,2023
Koala,-34.46,150.57,2024
Koala,-32.28,151.99,2023
Koala,-28.59,153.55,2022
Koala,-31.53,151.5,2024
Koala,-31.94,152.41,2024
Koala,-31.72,150.08,2023
Koala,-36.21,149.32,2022
Koala,-31.73,152.42,2024
Koala,-34.88,146.83,2023
Koala,-31.34,152.64,2024
Koala,-29.49,153.11,2022
Koala,-32.71,152.06,2023
Koala,-27.51,153.25,2024
Eastern grey kangaroo,-30.39,150.79,2023
Eastern grey kangaroo,-30.02,151.88,2021
Eastern grey kangaroo,-34.81,150.62,2025
Eastern grey kangaroo,-34.77,148.75,2025
Eastern grey kangaroo,-30.41,150.28,2023
Eastern grey kangaroo,-35.15,149.22,2023
Eastern grey kangaroo,-32.16,151.95,2021
Eastern grey kangaroo,-37.39,144.27,2021
Eastern grey kangaroo,-34.05,149.71,2022
Eastern grey kangaroo,-33.45,149.58,2024
Eastern grey kangaroo,-35.57,149.22,2021
Eastern grey kangaroo,-30.41,150.45,2023
Eastern grey kangaroo,-32.3,148.1,2021
Eastern grey kangaroo,-35.31,149.43,2021
Eastern grey kangaroo,-34.29,150.58,2022
Eastern grey kangaroo,-33.03,150.03,2023
Eastern grey kangaroo,-30.09,153.19,2021
Eastern grey kangaroo,-31.28,149.0,2021
Eastern grey kangaroo,-34.07,149.71,2022
Eastern grey kangaroo,-31.41,150.62,2025
Eastern grey kangaroo,-35.22,147.9,2025
Eastern grey kangaroo,-33.76,150.72,2023
Eastern grey kangaroo,-30.52,149.28,2023
Eastern grey kangaroo,-35.51,149.18,2023
Eastern grey kangaroo,-31.41,150.65,2024
Eastern grey kangaroo,-37.39,144.27,2021
Eastern grey kangaroo,-37.94,145.32,2025
Eastern grey kangaroo,-30.54,150.05,2022
Eastern grey kangaroo,-30.46,149.2,2022
Eastern grey kangaroo,-33.05,150.01,2023
Eastern grey kangaroo,-27.43,153.54,2022
Eastern grey kangaroo,-36.04,146.92,2024
Eastern grey kangaroo,-37.97,145.39,2024
Eastern grey kangaroo,-30.5,149.33,2025
Eastern grey kangaroo,-35.15,147.34,2024
Eastern grey kangaroo,-30.1,153.19,2022
Eastern grey kangaroo,-35.11,148.95,2023
Eastern grey kangaroo,-30.35,150.22,2022
Eastern grey kangaroo,-30.62,150.29,2024
Eastern grey kangaroo,-31.39,150.69,2023
Eastern grey kangaroo,-31.85,149.04,2024
Eastern grey kangaroo,-34.68,150.74,2024
Eastern grey kangaroo,-33.05,150.01,2024
Eastern grey kangaroo,-33.06,148.5,2024
Eastern grey kangaroo,-35.11,150.62,2025
Eastern grey kangaroo,-33.87,150.87,2023
Eastern grey kangaroo,-35.95,150.14,2025
Eastern grey kangaroo,-36.01,150.14,2023
Eastern grey kangaroo,-30.36,150.31,2022
Eastern grey kangaroo,-30.05,153.19,2023
Eastern grey kangaroo,-30.55,149.21,2025
Eastern grey kangaroo,-30.9,150.51,2022
Eastern grey kangaroo,-34.66,150.3,2025
Eastern grey kangaroo,-30.71,150.34,2022
Eastern grey kangaroo,-29.44,153.36,2022
Eastern grey kangaroo,-34.84,150.6,2024
Eastern grey kangaroo,-33.8,150.78,2023
Eastern grey kangaroo,-37.69,145.04,2023
Eastern grey kangaroo,-35.58,150.3,2021
Eastern grey kangaroo,-36.06,146.91,2022
Eastern grey kangaroo,-33.12,151.49,2021
Eastern grey kangaroo,-34.31,150.52,2022
Eastern grey kangaroo,-34.57,150.48,2024
Eastern grey kangaroo,-34.46,150.46,2025
Eastern grey kangaroo,-35.56,150.38,2024
Eastern grey kangaroo,-29.1,151.9,2024
Eastern grey kangaroo,-35.51,150.37,2022
Eastern grey kangaroo,-30.42,150.46,2023
Eastern grey kangaroo,-34.75,150.47,2023
Eastern grey kangaroo,-33.66,150.26,2024
Eastern grey kangaroo,-30.11,152.13,2021
Eastern grey kangaroo,-35.51,149.19,2024
Eastern grey kangaroo,-35.14,149.33,2024
Eastern grey kangaroo,-34.05,149.71,2022
Eastern grey kangaroo,-35.83,150.17,2025
Eastern grey kangaroo,-29.58,152.79,2024
Eastern grey kangaroo,-31.08,150.08,2023
Eastern grey kangaroo,-30.47,150.33,2023
Eastern grey kangaroo,-33.48,150.14,2025
Eastern grey kangaroo,-38.43,144.94,2021
Eastern grey kangaroo,-36.74,149.97,2023
Eastern grey kangaroo,-35.46,148.92,2025
Eastern grey kangaroo,-30.6,150.04,2023
Eastern grey kangaroo,-35.32,149.16,2021
Eastern grey kangaroo,-36.91,149.65,2025
Eastern grey kangaroo,-34.12,148.57,2025
Eastern grey kangaroo,-30.5,149.22,2021
Eastern grey kangaroo,-29.5,151.47,2025
Eastern grey kangaroo,-34.56,150.4,2021
Eastern grey kangaroo,-35.32,148.23,2021
Eastern grey kangaroo,-30.27,150.85,2022
Eastern grey kangaroo,-35.32,149.16,2024
Eastern grey kangaroo,-31.4,150.67,2022
Eastern grey kangaroo,-35.95,146.88,2024
Eastern grey kangaroo,-33.8,150.67,2024
Eastern grey kangaroo,-35.12,150.5,2023
Eastern grey kangaroo,-36.11,148.5,2021
Eastern grey kangaroo,-34.12,148.57,2025
Eastern grey kangaroo,-33.02,150.03,2024
Eastern grey kangaroo,-30.4,151.62,2022
Eastern grey kangaroo,-35.63,149.8,2023
Eastern grey kangaroo,-30.44,150.34,2022
Eastern grey kangaroo,-31.54,152.87,2025
Eastern grey kangaroo,-38.0,145.38,2023
Eastern grey kangaroo,-29.68,152.86,2023
Eastern grey kangaroo,-34.57,150.28,2021
Eastern grey kangaroo,-35.09,149.63,2021
Eastern grey kangaroo,-33.04,150.04,2023
Eastern grey kangaroo,-33.61,150.72,2023
Eastern grey kangaroo,-37.64,142.35,2024
Eastern grey kangaroo,-33.81,150.85,2022
Eastern grey kangaroo,-35.81,149.96,2025
Eastern grey kangaroo,-30.0,153.21,2023
Eastern grey kangaroo,-35.39,149.12,2025
Eastern grey kangaroo,-36.7,149.97,2023
Eastern grey kangaroo,-23.49,150.48,2024
Eastern grey kangaroo,-26.43,153.0,2025
Eastern grey kangaroo,-35.6,147.27,2023
Eastern grey kangaroo,-34.79,149.1,2021
Eastern grey kangaroo,-38.69,143.38,2023
Eastern grey kangaroo,-33.92,147.21,2024
Eastern grey kangaroo,-30.72,150.25,2025
Eastern grey kangaroo,-30.36,150.29,2022
Eastern grey kangaroo,-35.43,149.2,2024
Eastern grey kangaroo,-33.7,150.83,2024
Eastern grey kangaroo,-30.47,149.85,2024
Eastern grey kangaroo,-29.47,153.22,2022
Eastern grey kangaroo,-35.48,150.34,2022
Eastern grey kangaroo,-31.41,150.62,2022
Eastern grey kangaroo,-33.03,150.03,2023
Eastern grey kangaroo,-33.82,150.65,2024
Eastern grey kangaroo,-34.93,150.6,2023
Eastern grey kangaroo,-30.58,151.72,2023
Eastern grey kangaroo,-33.66,150.86,2023
Eastern grey kangaroo,-33.3,150.02,2025
Eastern grey kangaroo,-37.44,144.67,2023
Eastern grey kangaroo,-33.59,150.72,2024
Eastern grey kangaroo,-34.31,148.27,2024
Eastern grey kangaroo,-33.54,150.92,2024
Eastern grey kangaroo,-37.39,144.27,2023
Eastern grey kangaroo,-34.77,148.79,2025
Eastern grey kangaroo,-30.36,150.86,2021
Eastern grey kangaroo,-35.39,149.38,2024
Eastern grey kangaroo,-32.54,151.15,2021
Eastern grey kangaroo,-38.14,145.26,2022
Eastern grey kangaroo,-33.03,150.02,2024
Eastern grey kangaroo,-33.73,150.84,2023
Eastern grey kangaroo,-32.26,148.62,2023
Eastern grey kangaroo,-31.39,150.66,2024
Eastern grey kangaroo,-37.91,147.61,2025
Eastern grey kangaroo,-33.42,150.22,2021
Eastern grey kangaroo,-33.72,150.8,2022
Eastern grey kangaroo,-34.69,150.53,2024
Eastern grey kangaroo,-36.24,149.11,2021
Eastern grey kangaroo,-37.43,143.9,2024
Eastern grey kangaroo,-34.75,150.06,2025
Eastern grey kangaroo,-37.65,145.23,2024
Eastern grey kangaroo,-30.35,150.3,2023
Eastern grey kangaroo,-33.77,150.75,2024
Eastern grey kangaroo,-34.45,150.43,2023
Eastern grey kangaroo,-38.95,146.27,2024
Eastern grey kangaroo,-35.82,150.17,2025
Eastern grey kangaroo,-35.53,148.13,2022
Eastern grey kangaroo,-31.28,148.98,2023
Eastern grey kangaroo,-33.12,151.52,2021
Eastern grey kangaroo,-30.44,150.31,2022
Eastern grey kangaroo,-33.02,150.03,2024
Eastern grey kangaroo,-37.96,144.45,2022
Eastern grey kangaroo,-30.74,150.25,2024
Eastern grey kangaroo,-37.68,145.04,2024
Eastern grey kangaroo,-33.66,150.82,2022
Eastern grey kangaroo,-33.75,150.79,2025
Eastern grey kangaroo,-38.86,143.51,2025
Eastern grey kangaroo,-30.54,149.32,2024
Eastern grey kangaroo,-29.77,152.9,2021
Eastern grey kangaroo,-34.62,150.69,2022
Eastern grey kangaroo,-37.39,144.27,2022
Eastern grey kangaroo,-33.75,150.75,2023
Eastern grey kangaroo,-33.36,150.15,2023
Eastern grey kangaroo,-35.69,150.22,2021
Eastern grey kangaroo,-27.43,153.54,2022
Eastern grey kangaroo,-33.97,150.8,2025
Eastern grey kangaroo,-36.52,149.98,2023
Eastern grey kangaroo,-30.5,150.27,2025
Eastern grey kangaroo,-32.27,148.73,2025
Eastern grey kangaroo,-35.27,149.3,2024
Eastern grey kangaroo,-35.74,146.87,2023
Eastern grey kangaroo,-30.46,149.2,2023
Eastern grey kangaroo,-31.48,152.68,2022
Eastern grey kangaroo,-30.38,150.24,2023
Eastern grey kangaroo,-37.12,145.8,2023
Eastern grey kangaroo,-33.13,150.01,2023
Eastern grey kangaroo,-35.2,149.24,2024
Eastern grey kangaroo,-32.8,149.71,2021
Eastern grey kangaroo,-33.0,150.03,2024
Eastern grey kangaroo,-36.01,150.09,2021
Eastern grey kangaroo,-35.8,150.18,2024
Eastern grey kangaroo,-30.05,153.19,2025
Eastern grey kangaroo,-30.41,150.26,2025
Eastern grey kangaroo,-25.61,152.87,2025
Eastern grey kangaroo,-35.57,150.33,2021
Eastern grey kangaroo,-33.7,150.76,2024
Eastern grey kangaroo,-30.73,150.35,2024
Eastern grey kangaroo,-29.83,152.89,2022
Eastern grey kangaroo,-38.27,145.08,2022
Eastern grey kangaroo,-33.4,150.26,2022
Eastern grey kangaroo,-31.09,150.97,2024
Eastern grey kangaroo,-35.62,150.31,2021
Eastern grey kangaroo,-34.08,149.69,2022
Eastern grey kangaroo,-30.66,149.85,2025
Eastern grey kangaroo,-30.52,149.28,2024
Eastern grey kangaroo,-33.66,150.81,2024
Eastern grey kangaroo,-36.09,145.47,2025
Eastern grey kangaroo,-33.62,150.14,2024
Eastern grey kangaroo,-27.72,153.05,2023
Eastern grey kangaroo,-33.59,149.55,2024
Eastern grey kangaroo,-33.72,150.8,2022
Eastern grey kangaroo,-33.89,150.81,2025
Eastern grey kangaroo,-30.71,150.23,2022
Eastern grey kangaroo,-30.5,151.67,2021
Eastern grey kangaroo,-33.7,149.08,2023
Eastern grey kangaroo,-30.48,150.24,2023
Eastern grey kangaroo,-33.01,150.05,2023
Eastern grey kangaroo,-36.1,145.96,2021
Eastern grey kangaroo,-37.29,149.88,2022
Eastern grey kangaroo,-33.01,150.04,2024
Eastern grey kangaroo,-35.16,149.25,2022
Eastern grey kangaroo,-27.44,153.54,2023
Eastern grey kangaroo,-30.65,152.85,2024
Eastern grey kangaroo,-30.57,149.22,2024
Eastern grey kangaroo,-30.74,150.25,2025
Eastern grey kangaroo,-36.35,149.98,2024
Eastern grey kangaroo,-33.86,146.41,2023
Eastern grey kangaroo,-36.01,150.14,2024
Eastern grey kangaroo,-37.68,145.04,2025
Eastern grey kangaroo,-30.41,150.28,2024
Eastern grey kangaroo,-36.11,150.04,2023
Eastern grey kangaroo,-34.76,149.7,2023
Eastern grey kangaroo,-32.27,150.72,2022
Eastern grey kangaroo,-30.41,150.26,2024
Eastern grey kangaroo,-33.05,150.04,2024
Eastern grey kangaroo,-36.0,147.27,2025
Eastern grey kangaroo,-30.51,149.23,2025
Eastern grey kangaroo,-30.42,150.46,2023
Eastern grey kangaroo,-33.05,150.02,2023
Eastern grey kangaroo,-30.52,149.2,2023
Eastern grey kangaroo,-36.04,147.0,2025
Eastern grey kangaroo,-34.31,150.61,2025
Eastern grey kangaroo,-35.45,149.21,2024
Eastern grey kangaroo,-33.62,150.73,2023
Eastern grey kangaroo,-33.35,150.18,2022
Eastern grey kangaroo,-34.28,150.64,2024
Eastern grey kangaroo,-37.02,149.89,2023
Eastern grey kangaroo,-34.08,150.7,2023
Eastern grey kangaroo,-33.02,150.03,2024
Eastern grey kangaroo,-36.07,146.9,2024
Eastern grey kangaroo,-34.06,150.76,2021
Eastern grey kangaroo,-35.52,150.39,2022
Eastern grey kangaroo,-32.78,151.64,2021
Eastern grey kangaroo,-34.74,150.48,2025
Eastern grey kangaroo,-33.04,150.04,2024
Eastern grey kangaroo,-38.39,144.95,2022
Eastern grey kangaroo,-35.36,149.24,2025
Eastern grey kangaroo,-35.19,149.01,2025
Eastern grey kangaroo,-33.0,150.68,2023
Eastern grey kangaroo,-37.7,141.91,2024
Eastern grey kangaroo,-36.05,146.94,2023
Eastern grey kangaroo,-30.45,149.25,2023
Eastern grey kangaroo,-33.45,150.11,2023
Eastern grey kangaroo,-38.02,145.34,2022
Eastern grey kangaroo,-33.89,150.85,2021
Eastern grey kangaroo,-35.09,150.61,2025
Eastern grey kangaroo,-35.09,150.56,2024
Eastern grey kangaroo,-34.04,151.12,2023
Eastern grey kangaroo,-35.18,149.23,2021
Eastern grey kangaroo,-38.66,145.68,2023
Eastern grey kangaroo,-33.42,149.85,2022
Eastern grey kangaroo,-30.59,150.09,2023
Eastern grey kangaroo,-30.67,149.84,2025
Eastern grey kangaroo,-27.25,153.04,2023
Eastern grey kangaroo,-36.03,146.96,2021
Eastern grey kangaroo,-35.19,149.03,2025
Eastern grey kangaroo,-35.35,149.24,2021
Eastern grey kangaroo,-35.1,149.08,2025
Eastern grey kangaroo,-32.69,151.03,2022
Eastern grey kangaroo,-30.6,150.08,2023
Eastern grey kangaroo,-29.3,150.79,2021
Eastern grey kangaroo,-35.53,149.16,2022
Eastern grey kangaroo,-38.54,143.97,2023
Eastern grey kangaroo,-34.73,150.53,2025
Eastern grey kangaroo,-32.78,151.33,2022
Eastern grey kangaroo,-33.65,150.9,2023
Eastern grey kangaroo,-37.75,145.13,2022
Eastern grey kangaroo,-33.43,149.57,2022
Eastern grey kangaroo,-35.24,150.53,2024
Eastern grey kangaroo,-33.55,150.91,2022
Eastern grey kangaroo,-30.46,149.2,2024
Eastern grey kangaroo,-35.23,149.41,2025
Eastern grey kangaroo,-30.33,150.84,2022
Eastern grey kangaroo,-36.8,145.78,2023
Eastern grey kangaroo,-28.84,152.26,2024
Eastern grey kangaroo,-32.27,151.0,2021
Eastern grey kangaroo,-33.72,150.83,2021
Eastern grey kangaroo,-35.73,150.17,2025
Eastern grey kangaroo,-36.25,149.12,2021
Eastern grey kangaroo,-31.45,152.89,2024
Eastern grey kangaroo,-33.52,150.73,2025
Eastern grey kangaroo,-33.11,151.52,2022
Eastern grey kangaroo,-34.76,150.71,2024
Eastern grey kangaroo,-35.69,150.29,2022
Eastern grey kangaroo,-30.5,150.27,2024
Eastern grey kangaroo,-35.38,149.21,2023
Eastern grey kangaroo,-29.59,152.84,2024
Eastern grey kangaroo,-35.31,149.15,2025
Eastern grey kangaroo,-30.5,151.67,2024
Eastern grey kangaroo,-32.24,150.72,2022
Eastern grey kangaroo,-36.19,149.1,2022
Eastern grey kangaroo,-30.35,150.27,2022
Eastern grey kangaroo,-33.01,150.03,2023
Eastern grey kangaroo,-35.17,149.16,2025
Eastern grey kangaroo,-33.85,150.91,2024
Eastern grey kangaroo,-30.0,153.2,2021
Eastern grey kangaroo,-30.48,150.24,2025
Eastern grey kangaroo,-30.42,150.34,2025
Eastern grey kangaroo,-34.73,149.98,2024
Eastern grey kangaroo,-33.8,150.67,2022
Eastern grey kangaroo,-32.58,148.95,2023
Eastern grey kangaroo,-34.67,146.44,2022
Eastern grey kangaroo,-33.38,151.45,2023
Eastern grey kangaroo,-35.71,150.24,2023
Eastern grey kangaroo,-37.04,149.9,2024
Eastern grey kangaroo,-35.24,148.99,2025
Eastern grey kangaroo,-34.75,150.5,2022
Eastern grey kangaroo,-33.6,150.72,2025
Eastern grey kangaroo,-35.46,148.91,2025
Eastern grey kangaroo,-35.31,148.22,2024
Eastern grey kangaroo,-35.57,150.37,2024
Eastern grey kangaroo,-34.02,150.75,2025
Eastern grey kangaroo,-37.04,149.9,2022
Eastern grey kangaroo,-36.44,148.63,2025
Eastern grey kangaroo,-32.39,151.76,2022
Eastern grey kangaroo,-30.47,149.82,2024
Eastern grey kangaroo,-30.89,153.07,2023
Eastern grey kangaroo,-30.41,150.26,2023
Eastern grey kangaroo,-30.88,153.07,2023
Eastern grey kangaroo,-37.75,145.13,2022
Eastern grey kangaroo,-32.15,151.93,2023
Eastern grey kangaroo,-36.04,150.12,2022
Eastern grey kangaroo,-35.4,149.15,2021
Eastern grey kangaroo,-27.84,153.03,2025
Eastern grey kangaroo,-30.54,150.11,2024
Eastern grey kangaroo,-31.02,150.97,2021
Eastern grey kangaroo,-34.23,150.59,2021
Eastern grey kangaroo,-30.74,150.25,2025
Eastern grey kangaroo,-32.77,151.31,2022
Eastern grey kangaroo,-37.39,144.27,2021
Eastern grey kangaroo,-35.82,148.84,2023
Eastern grey kangaroo,-33.55,150.91,2021
Eastern grey kangaroo,-34.3,149.97,2024
Eastern grey kangaroo,-30.45,151.83,2025
Eastern grey kangaroo,-34.91,150.63,2024
Eastern grey kangaroo,-33.81,150.7,2024
Eastern grey kangaroo,-35.1,150.63,2022
Eastern grey kangaroo,-34.12,148.57,2025
Eastern grey kangaroo,-32.73,151.39,2023
Eastern grey kangaroo,-32.65,149.49,2024
Eastern grey kangaroo,-34.06,150.86,2025
Eastern grey kangaroo,-33.55,150.91,2024
Eastern grey kangaroo,-26.39,153.02,2021
Eastern grey kangaroo,-32.82,151.53,2022
Eastern grey kangaroo,-33.72,150.8,2021
Eastern grey kangaroo,-30.4,151.62,2021
Eastern grey kangaroo,-30.1,153.19,2024
Eastern grey kangaroo,-37.71,145.07,2025
Eastern grey kangaroo,-35.52,150.39,2024
Eastern grey kangaroo,-33.8,150.67,2022
Eastern grey kangaroo,-38.39,144.95,2021
Eastern grey kangaroo,-30.18,153.19,2024
Eastern grey kangaroo,-30.63,150.01,2025
Eastern grey kangaroo,-30.41,150.48,2024
Eastern grey kangaroo,-35.38,149.21,2023
Eastern grey kangaroo,-32.7,151.61,2022
Eastern grey kangaroo,-35.01,150.61,2024
Eastern grey kangaroo,-38.67,143.86,2025
Eastern grey kangaroo,-32.85,149.41,2022
Eastern grey kangaroo,-27.92,153.36,2023
Eastern grey kangaroo,-30.48,150.25,2024
Eastern grey kangaroo,-35.01,149.32,2023
Eastern grey kangaroo,-34.42,150.21,2024
Eastern grey kangaroo,-30.63,150.3,2025
Eastern grey kangaroo,-30.99,150.24,2023
Eastern grey kangaroo,-35.32,150.46,2022
Eastern grey kangaroo,-36.86,149.91,2025
Eastern grey kangaroo,-30.57,149.15,2021
Eastern grey kangaroo,-34.66,150.85,2025
Eastern grey kangaroo,-32.71,148.05,2021
Eastern grey kangaroo,-28.19,153.46,2023
Eastern grey kangaroo,-33.03,150.03,2024
Eastern grey kangaroo,-38.05,147.59,2023
Eastern grey kangaroo,-27.9,152.88,2023
Eastern grey kangaroo,-30.46,150.32,2025
Eastern grey kangaroo,-35.73,150.19,2022
Eastern grey kangaroo,-37.84,140.76,2023
Eastern grey kangaroo,-32.41,149.53,2022
Eastern grey kangaroo,-29.85,151.12,2025
Eastern grey kangaroo,-24.66,150.96,2025
Eastern grey kangaroo,-33.67,150.26,2024
Eastern grey kangaroo,-35.76,150.12,2024
Eastern grey kangaroo,-35.57,149.22,2024
Eastern grey kangaroo,-37.39,144.27,2023
Eastern grey kangaroo,-30.28,150.84,2024
Eastern grey kangaroo,-30.36,150.29,2022
Eastern grey kangaroo,-31.88,152.44,2022
Eastern grey kangaroo,-30.76,150.73,2024
Eastern grey kangaroo,-31.39,150.66,2023
Eastern grey kangaroo,-30.42,150.48,2021
Eastern grey kangaroo,-30.49,151.64,2025
Eastern grey kangaroo,-38.42,144.18,2024
Eastern grey kangaroo,-36.43,148.63,2021
Eastern grey kangaroo,-27.21,153.07,2024
Eastern grey kangaroo,-35.53,150.39,2024
Eastern grey kangaroo,-29.41,153.18,2025
Eastern grey kangaroo,-34.76,150.63,2025
Eastern grey kangaroo,-28.84,152.16,2023
Eastern grey kangaroo,-32.35,149.94,2022
Eastern grey kangaroo,-37.39,144.32,2025
Eastern grey kangaroo,-33.51,149.01,2021
Eastern grey kangaroo,-32.72,151.34,2023
Eastern grey kangaroo,-33.49,150.13,2023
Eastern grey kangaroo,-32.67,151.7,2024
Eastern grey kangaroo,-32.81,151.29,2021
Eastern grey kangaroo,-33.7,149.54,2023
Eastern grey kangaroo,-35.44,149.22,2023
Eastern grey kangaroo,-38.31,144.37,2025
Eastern grey kangaroo,-33.29,149.43,2025
Eastern grey kangaroo,-30.5,150.27,2024
Eastern grey kangaroo,-33.06,149.2,2022
Eastern grey kangaroo,-30.52,149.36,2021
Eastern grey kangaroo,-30.64,149.23,2025
Eastern grey kangaroo,-36.17,146.88,2024
Eastern grey kangaroo,-30.74,150.3,2025
Eastern grey kangaroo,-37.93,145.31,2021
Eastern grey kangaroo,-30.41,150.45,2023
Eastern grey kangaroo,-32.37,149.65,2022
Eastern grey kangaroo,-37.62,143.78,2025
Eastern grey kangaroo,-33.72,150.8,2025
Eastern grey kangaroo,-30.48,150.24,2025
Eastern grey kangaroo,-33.02,150.02,2024
Eastern grey kangaroo,-30.52,149.27,2024
Eastern grey kangaroo,-31.01,149.05,2022
Eastern grey kangaroo,-33.87,150.79,2025
Eastern grey kangaroo,-30.5,149.28,2025
Eastern grey kangaroo,-33.03,150.03,2024
Eastern grey kangaroo,-34.05,150.77,2024
Eastern grey kangaroo,-33.48,149.57,2025
Eastern grey kangaroo,-36.06,146.85,2022
Eastern grey kangaroo,-36.44,148.52,2023
Eastern grey kangaroo,-34.61,146.28,2022
Eastern grey kangaroo,-34.5,150.34,2024
Eastern grey kangaroo,-32.74,151.38,2023
Eastern grey kangaroo,-35.62,150.31,2021
Eastern grey kangaroo,-33.03,150.03,2023
Eastern grey kangaroo,-30.72,150.25,2025
Eastern grey kangaroo,-30.57,149.18,2025
Eastern grey kangaroo,-30.31,150.86,2022
Eastern grey kangaroo,-34.91,150.63,2023
Eastern grey kangaroo,-33.44,149.92,2023
Eastern grey kangaroo,-35.14,149.22,2023
Eastern grey kangaroo,-35.19,149.33,2021
Eastern grey kangaroo,-33.01,150.03,2024
Eastern grey kangaroo,-33.38,150.17,2023
Eastern grey kangaroo,-33.3,149.44,2024
Eastern grey kangaroo,-30.91,151.87,2021
Eastern grey kangaroo,-33.18,149.15,2021
Eastern grey kangaroo,-33.67,150.78,2025
Eastern grey kangaroo,-33.85,150.87,2022
Eastern grey kangaroo,-35.93,149.62,2021
Eastern grey kangaroo,-29.36,153.28,2024
Eastern grey kangaroo,-30.35,150.3,2024
Eastern grey kangaroo,-30.44,150.34,2022
Eastern grey kangaroo,-30.32,150.28,2024
Eastern grey kangaroo,-35.25,149.32,2025
Eastern grey kangaroo,-35.3,149.1,2021
Eastern grey kangaroo,-34.19,150.55,2023
Eastern grey kangaroo,-28.11,153.12,2023
Eastern grey kangaroo,-35.19,149.36,2024
Eastern grey kangaroo,-29.77,151.12,2023
Eastern grey kangaroo,-35.54,149.22,2024
Eastern grey kangaroo,-33.84,150.9,2022
Eastern grey kangaroo,-35.15,149.36,2023
Eastern grey kangaroo,-35.53,150.39,2023
Eastern grey kangaroo,-32.26,148.63,2021
Eastern grey kangaroo,-33.03,150.03,2024
Eastern grey kangaroo,-33.05,150.01,2023
Eastern grey kangaroo,-36.04,146.98,2021
Eastern grey kangaroo,-34.22,150.61,2023
Eastern grey kangaroo,-33.12,151.49,2022
Eastern grey kangaroo,-35.58,150.3,2021
Eastern grey kangaroo,-38.48,144.93,2024
Eastern grey kangaroo,-38.39,144.95,2021
Eastern grey kangaroo,-33.0,150.03,2023
Eastern grey kangaroo,-30.43,150.32,2025
Eastern grey kangaroo,-33.14,151.42,2024
Eastern grey kangaroo,-30.41,150.45,2023
Eastern grey kangaroo,-33.75,150.69,2021
Eastern grey kangaroo,-30.34,150.27,2024
Eastern grey kangaroo,-35.17,149.34,2021
Eastern grey kangaroo,-32.67,152.16,2023
Eastern grey kangaroo,-33.02,150.03,2023
Eastern grey kangaroo,-33.81,150.91,2022
Eastern grey kangaroo,-31.39,150.69,2023
Eastern grey kangaroo,-37.39,144.27,2022
Eastern grey kangaroo,-33.75,150.84,2022
Eastern grey kangaroo,-35.38,149.2,2022
Eastern grey kangaroo,-35.36,149.28,2022
Eastern grey kangaroo,-32.8,151.85,2022
Eastern grey kangaroo,-30.66,149.85,2025
Eastern grey kangaroo,-35.03,150.66,2024
Eastern grey kangaroo,-33.46,148.97,2025
Eastern grey kangaroo,-36.61,149.56,2022
Eastern grey kangaroo,-33.03,150.02,2024
Eastern grey kangaroo,-34.72,150.5,2024
Eastern grey kangaroo,-36.64,150.01,2021
Eastern grey kangaroo,-38.62,145.57,2022
Eastern grey kangaroo,-37.39,144.27,2021
Eastern grey kangaroo,-36.07,146.89,2021
Eastern grey kangaroo,-35.7,149.0,2022
Eastern grey kangaroo,-34.13,149.28,2021
Eastern grey kangaroo,-34.12,148.58,2025
Eastern grey kangaroo,-27.43,153.54,2025
Eastern grey kangaroo,-34.04,149.71,2022
Eastern grey kangaroo,-35.25,149.37,2021
Eastern grey kangaroo,-35.79,150.18,2024
Eastern grey kangaroo,-37.65,145.22,2025
Eastern grey kangaroo,-30.64,149.15,2022
Eastern grey kangaroo,-32.36,150.77,2024
Eastern grey kangaroo,-37.4,144.26,2025
Eastern grey kangaroo,-33.8,148.69,2025
Eastern grey kangaroo,-35.4,149.37,2025
Eastern grey kangaroo,-20.92,149.05,2021
Eastern grey kangaroo,-31.41,150.65,2025
Eastern grey kangaroo,-32.45,149.52,2022
Eastern grey kangaroo,-33.71,150.82,2022
Eastern grey kangaroo,-32.35,149.76,2023
Eastern grey kangaroo,-33.75,150.85,2025
Eastern grey kangaroo,-33.71,150.81,2023
Eastern grey kangaroo,-33.35,149.38,2024
Eastern grey kangaroo,-34.73,148.98,2024
Eastern grey kangaroo,-33.56,150.91,2024
Eastern grey kangaroo,-30.59,149.18,2024
Eastern grey kangaroo,-29.3,150.79,2021
Eastern grey kangaroo,-37.64,145.28,2025
Eastern grey kangaroo,-30.9,153.04,2021
Eastern grey kangaroo,-31.45,152.7,2023
Eastern grey kangaroo,-30.66,149.84,2025
Eastern grey kangaroo,-37.71,145.68,2021
Eastern grey kangaroo,-32.17,148.55,2024
Eastern grey kangaroo,-33.65,150.81,2024
Eastern grey kangaroo,-33.35,149.52,2022
Eastern grey kangaroo,-37.99,145.33,2025
Eastern grey kangaroo,-38.06,141.92,2025
Eastern grey kangaroo,-30.97,151.65,2023
Eastern grey kangaroo,-30.42,150.5,2024
Eastern grey kangaroo,-27.71,150.9,2022
Eastern grey kangaroo,-32.52,151.55,2023
Eastern grey kangaroo,-32.73,152.09,2021
Eastern grey kangaroo,-36.8,149.79,2023
Eastern grey kangaroo,-36.39,149.88,2024
Eastern grey kangaroo,-30.51,152.99,2022
Eastern grey kangaroo,-36.39,148.67,2025
Eastern grey kangaroo,-27.03,153.14,2025
Eastern grey kangaroo,-30.66,149.84,2025
Eastern grey kangaroo,-34.96,150.6,2025
Eastern grey kangaroo,-33.8,150.7,2021
Eastern grey kangaroo,-37.93,145.31,2024
Eastern grey kangaroo,-34.65,150.3,2022
Eastern grey kangaroo,-30.99,150.11,2023
Eastern grey kangaroo,-34.59,150.59,2024
Eastern grey kangaroo,-30.43,150.32,2023
Eastern grey kangaroo,-33.46,148.97,2021
Eastern grey kangaroo,-33.92,150.73,2025
Eastern grey kangaroo,-31.08,150.09,2023
Eastern grey kangaroo,-33.02,150.04,2023
Eastern grey kangaroo,-35.92,149.62,2021
Eastern grey kangaroo,-30.43,150.33,2025
Eastern grey kangaroo,-30.47,150.33,2025
Eastern grey kangaroo,-30.48,149.23,2025
Eastern grey kangaroo,-33.05,150.01,2024
Eastern grey kangaroo,-30.91,149.13,2023
Eastern grey kangaroo,-34.07,149.71,2022
Eastern grey kangaroo,-26.62,153.06,2025
Eastern grey kangaroo,-37.65,144.48,2024
Eastern grey kangaroo,-31.87,148.49,2025
Eastern grey kangaroo,-35.14,150.74,2024
Eastern grey kangaroo,-30.74,150.25,2024
Eastern grey kangaroo,-30.35,150.85,2022
Eastern grey kangaroo,-33.03,150.02,2023
Eastern grey kangaroo,-33.12,151.53,2022
Eastern grey kangaroo,-30.1,153.19,2022
Eastern grey kangaroo,-35.46,148.92,2022
Eastern grey kangaroo,-30.41,150.28,2023
Eastern grey kangaroo,-33.72,150.72,2025
Eastern grey kangaroo,-30.51,149.23,2023
Eastern grey kangaroo,-35.55,144.85,2021
Eastern grey kangaroo,-30.32,150.28,2022
Eastern grey kangaroo,-33.03,150.03,2023
Eastern grey kangaroo,-34.43,150.3,2023
Eastern grey kangaroo,-33.04,150.03,2024
Eastern grey kangaroo,-34.12,148.57,2025
Eastern grey kangaroo,-30.51,149.64,2024
Eastern grey kangaroo,-35.17,149.07,2025
Eastern grey kangaroo,-36.1,150.14,2025
Eastern grey kangaroo,-33.67,150.78,2022
Eastern grey kangaroo,-34.14,149.67,2022
Eastern grey kangaroo,-33.03,150.03,2023
Eastern grey kangaroo,-37.68,145.04,2024
Eastern grey kangaroo,-35.24,149.34,2023
Eastern grey kangaroo,-29.99,150.14,2023
Eastern grey kangaroo,-30.45,150.34,2023
Eastern grey kangaroo,-35.41,149.45,2025
Eastern grey kangaroo,-30.74,150.22,2024
Eastern grey kangaroo,-38.08,144.03,2023
Eastern grey kangaroo,-36.73,149.97,2022
Eastern grey kangaroo,-35.28,149.16,2024
Eastern grey kangaroo,-30.56,149.87,2025
Eastern grey kangaroo,-30.5,150.27,2024
Eastern grey kangaroo,-35.1,150.62,2024
Eastern grey kangaroo,-37.94,145.27,2023
Eastern grey kangaroo,-30.41,150.25,2024
Eastern grey kangaroo,-32.9,151.55,2021
Eastern grey kangaroo,-32.33,149.86,2021
Eastern grey kangaroo,-30.72,150.21,2024
Eastern grey kangaroo,-34.66,150.71,2025
Eastern grey kangaroo,-28.95,153.1,2022
Eastern grey kangaroo,-30.52,149.23,2024
Eastern grey kangaroo,-33.85,150.94,2021
Eastern grey kangaroo,-36.89,149.9,2022
Eastern grey kangaroo,-33.59,150.92,2024
Eastern grey kangaroo,-29.41,153.36,2024
Eastern grey kangaroo,-32.19,150.27,2022
Eastern grey kangaroo,-33.82,148.68,2023
Eastern grey kangaroo,-34.07,149.71,2022
Eastern grey kangaroo,-35.19,149.25,2024
Eastern grey kangaroo,-32.41,149.41,2022
Eastern grey kangaroo,-30.41,150.26,2023
Eastern grey kangaroo,-37.09,149.7,2022
Eastern grey kangaroo,-33.02,149.49,2022
Eastern grey kangaroo,-36.21,149.16,2023
Eastern grey kangaroo,-33.02,150.04,2024
Eastern grey kangaroo,-34.14,149.65,2022
Eastern grey kangaroo,-36.79,144.39,2024
Eastern grey kangaroo,-30.53,151.84,2024
Eastern grey kangaroo,-35.1,150.62,2021
Eastern grey kangaroo,-30.57,149.18,2023
Eastern grey kangaroo,-33.82,148.7,2025
Eastern grey kangaroo,-27.03,153.14,2025
Eastern grey kangaroo,-36.43,148.63,2024
Eastern grey kangaroo,-35.95,150.03,2023
Eastern grey kangaroo,-38.44,144.92,2024
Eastern grey kangaroo,-36.22,150.14,2025
Eastern grey kangaroo,-30.32,150.28,2024
Eastern grey kangaroo,-33.71,150.82,2022
Eastern grey kangaroo,-35.01,150.69,2023
Eastern grey kangaroo,-36.58,149.76,2023
Eastern grey kangaroo,-37.93,145.33,2021
Eastern grey kangaroo,-35.35,149.24,2025
Eastern grey kangaroo,-33.02,149.42,2023
Eastern grey kangaroo,-37.7,144.96,2024
Eastern grey kangaroo,-30.43,150.33,2022
Eastern grey kangaroo,-35.55,150.37,2021
Eastern grey kangaroo,-29.45,153.25,2022
Eastern grey kangaroo,-35.55,150.33,2021
Eastern grey kangaroo,-35.52,149.23,2025
Eastern grey kangaroo,-30.5,150.27,2023
Eastern grey kangaroo,-31.43,152.79,2025
Eastern grey kangaroo,-30.64,153.01,2023
Eastern grey kangaroo,-36.48,148.85,2024
Eastern grey kangaroo,-35.45,149.21,2025
Eastern grey kangaroo,-35.17,149.15,2022
Eastern grey kangaroo,-35.09,147.4,2021
Eastern grey kangaroo,-30.35,150.22,2025
Eastern grey kangaroo,-38.47,144.93,2021
Eastern grey kangaroo,-35.41,149.13,2025
Eastern grey kangaroo,-34.05,150.74,2021
Eastern grey kangaroo,-30.01,152.18,2021
Eastern grey kangaroo,-33.32,149.09,2022
Eastern grey kangaroo,-35.35,149.23,2023
Eastern grey kangaroo,-35.06,150.78,2025
Eastern grey kangaroo,-30.57,149.18,2024
Eastern grey kangaroo,-33.38,150.23,2025
Eastern grey kangaroo,-30.55,149.21,2022
Eastern grey kangaroo,-37.73,145.04,2024
Eastern grey kangaroo,-31.47,152.87,2024
Eastern grey kangaroo,-38.95,146.28,2024
Eastern grey kangaroo,-33.76,150.75,2024
Eastern grey kangaroo,-28.85,151.99,2021
Eastern grey kangaroo,-35.99,145.99,2023
Eastern grey kangaroo,-34.66,150.3,2024
Eastern grey kangaroo,-32.31,151.96,2025
Eastern grey kangaroo,-31.15,152.8,2022
Eastern grey kangaroo,-33.47,149.69,2023
Eastern grey kangaroo,-35.63,150.32,2024
Eastern grey kangaroo,-34.39,150.49,2021
Eastern grey kangaroo,-35.92,146.05,2021
Eastern grey kangaroo,-35.09,150.14,2023
Eastern grey kangaroo,-36.66,149.98,2024
Eastern grey kangaroo,-33.05,150.02,2023
Eastern grey kangaroo,-33.89,150.84,2024
Eastern grey kangaroo,-33.01,150.03,2024
Eastern grey kangaroo,-24.85,152.48,2023
Eastern grey kangaroo,-32.16,151.96,2022
Eastern grey kangaroo,-33.38,150.19,2022
Eastern grey kangaroo,-33.99,150.73,2024
Eastern grey kangaroo,-30.54,150.18,2024
Eastern grey kangaroo,-34.07,150.77,2023
Eastern grey kangaroo,-36.79,144.39,2021
Eastern grey kangaroo,-30.56,150.11,2024
Eastern grey kangaroo,-36.17,149.09,2024
Eastern grey kangaroo,-33.03,150.03,2024
Eastern grey kangaroo,-29.36,153.28,2025
Eastern grey kangaroo,-33.89,148.16,2025
Eastern grey kangaroo,-37.14,142.52,2025
Eastern grey kangaroo,-33.76,150.73,2023
Eastern grey kangaroo,-33.89,150.74,2022
Eastern grey kangaroo,-34.07,149.71,2021
Eastern grey kangaroo,-34.12,148.56,2025
Eastern grey kangaroo,-31.57,150.7,2022
Eastern grey kangaroo,-35.94,146.9,2021
Eastern grey kangaroo,-33.0,150.03,2023
Eastern grey kangaroo,-35.54,148.23,2022
Eastern grey kangaroo,-33.02,150.03,2023
Eastern grey kangaroo,-33.48,150.14,2025
Eastern grey kangaroo,-37.14,144.36,2025
Eastern grey kangaroo,-29.4,151.35,2021
Eastern grey kangaroo,-33.01,150.04,2023
Eastern grey kangaroo,-36.34,146.2,2025
Eastern grey kangaroo,-35.19,149.03,2025
Eastern grey kangaroo,-30.52,149.37,2022
Eastern grey kangaroo,-36.49,150.05,2023
Eastern grey kangaroo,-32.21,148.51,2021
Eastern grey kangaroo,-29.63,151.98,2025
Eastern grey kangaroo,-33.9,150.83,2024
Eastern grey kangaroo,-37.78,145.22,2021
Eastern grey kangaroo,-30.59,149.18,2021
Eastern grey kangaroo,-33.71,150.81,2023
Eastern grey kangaroo,-30.74,150.25,2023
Eastern grey kangaroo,-33.0,150.03,2024
Eastern grey kangaroo,-33.05,150.02,2024
Eastern grey kangaroo,-34.72,149.17,2025
Eastern grey kangaroo,-37.63,145.12,2023
Eastern grey kangaroo,-33.03,150.03,2024
Eastern grey kangaroo,-37.9,147.7,2023
Eastern grey kangaroo,-33.03,150.02,2024
Eastern grey kangaroo,-34.55,150.4,2025
Eastern grey kangaroo,-38.04,145.51,2021
Eastern grey kangaroo,-34.54,146.43,2024
Eastern grey kangaroo,-24.88,152.37,2023
Eastern grey kangaroo,-33.7,150.83,2021
Eastern grey kangaroo,-33.0,150.03,2024
Eastern grey kangaroo,-32.41,150.97,2024
Eastern grey kangaroo,-37.73,145.21,2023
Eastern grey kangaroo,-30.47,150.33,2025
Eastern grey kangaroo,-37.39,144.27,2025
Eastern grey kangaroo,-33.01,150.03,2024
Eastern grey kangaroo,-33.69,149.03,2021
Eastern grey kangaroo,-33.68,149.12,2024
Eastern grey kangaroo,-37.05,144.2,2025
Eastern grey kangaroo,-37.61,145.09,2024
Eastern grey kangaroo,-29.66,152.05,2025
Eastern grey kangaroo,-37.95,145.28,2024
Eastern grey kangaroo,-31.4,152.83,2022
Eastern grey kangaroo,-27.92,153.38,2023
Eastern grey kangaroo,-30.41,150.25,2023
Eastern grey kangaroo,-33.83,150.69,2025
Eastern grey kangaroo,-33.67,150.78,2023
Eastern grey kangaroo,-38.66,143.85,2024
Eastern grey kangaroo,-30.59,149.18,2022
Eastern grey kangaroo,-32.78,149.54,2023
Eastern grey kangaroo,-35.92,150.08,2023
Eastern grey kangaroo,-24.41,151.32,2022
Eastern grey kangaroo,-30.43,151.6,2025
Eastern grey kangaroo,-27.99,152.7,2025
Eastern grey kangaroo,-30.89,151.95,2021
Eastern grey kangaroo,-32.15,151.93,2022
Eastern grey kangaroo,-30.35,150.22,2025
Eastern grey kangaroo,-35.01,150.61,2022
Eastern grey kangaroo,-33.77,150.74,2024
Eastern grey kangaroo,-36.04,150.12,2024
Eastern grey kangaroo,-30.49,151.64,2022
Eastern grey kangaroo,-35.27,149.08,2025
Eastern grey kangaroo,-32.76,151.32,2023
Eastern grey kangaroo,-33.02,150.03,2024
Eastern grey kangaroo,-33.89,150.84,2023
Eastern grey kangaroo,-35.96,150.14,2024
Eastern grey kangaroo,-33.0,150.03,2023
Eastern grey kangaroo,-30.41,150.28,2025
Eastern grey kangaroo,-30.5,151.67,2024
Eastern grey kangaroo,-38.4,144.02,2025
Eastern grey kangaroo,-36.06,146.94,2021
Eastern grey kangaroo,-37.39,144.27,2024
Eastern grey kangaroo,-37.39,144.27,2023
Eastern grey kangaroo,-29.72,152.96,2025
Eastern grey kangaroo,-30.45,151.35,2024
Eastern grey kangaroo,-33.74,149.19,2024
Eastern grey kangaroo,-30.35,150.22,2024
Eastern grey kangaroo,-34.58,150.76,2024
Eastern grey kangaroo,-35.06,150.78,2025
Eastern grey kangaroo,-30.46,149.2,2024
Eastern grey kangaroo,-32.55,149.6,2025
Eastern grey kangaroo,-33.46,150.17,2024
Eastern grey kangaroo,-30.59,149.2,2025
Eastern grey kangaroo,-35.1,150.69,2022
Eastern grey kangaroo,-34.9,150.63,2023
Eastern grey kangaroo,-35.14,150.56,2021
Eastern grey kangaroo,-30.48,150.32,2022
Eastern grey kangaroo,-27.04,153.09,2024
Eastern grey kangaroo,-30.13,153.2,2022
Eastern grey kangaroo,-33.03,150.03,2023
Eastern grey kangaroo,-33.03,150.03,2024
Eastern grey kangaroo,-37.04,140.8,2024
Eastern grey kangaroo,-34.81,150.61,2025
Eastern grey kangaroo,-35.25,149.33,2023
Eastern grey kangaroo,-30.35,150.28,2023
Eastern grey kangaroo,-35.54,149.14,2023
Eastern grey kangaroo,-33.7,150.83,2022
Eastern grey kangaroo,-30.52,149.23,2023
Eastern grey kangaroo,-29.09,153.39,2023
Eastern grey kangaroo,-30.64,149.21,2024
Eastern grey kangaroo,-35.19,149.03,2025
Eastern grey kangaroo,-36.36,148.7,2021
Eastern grey kangaroo,-30.18,153.19,2024
Eastern grey kangaroo,-30.35,150.28,2022
Eastern grey kangaroo,-38.12,145.26,2024
Eastern grey kangaroo,-37.49,144.59,2021
Eastern grey kangaroo,-34.06,150.57,2021
Eastern grey kangaroo,-34.18,150.55,2024
Eastern grey kangaroo,-33.66,150.73,2022
Eastern grey kangaroo,-34.77,150.71,2025
Eastern grey kangaroo,-30.57,149.13,2023
Eastern grey kangaroo,-29.73,152.92,2023
Eastern grey kangaroo,-34.44,148.73,2024
Eastern grey kangaroo,-30.43,150.32,2025
Eastern grey kangaroo,-32.32,149.75,2022
Eastern grey kangaroo,-33.17,151.47,2024
Eastern grey kangaroo,-33.54,150.73,2022
Eastern grey kangaroo,-33.75,150.83,2023
Eastern grey kangaroo,-35.21,149.18,2021
Eastern grey kangaroo,-30.5,150.27,2025
Eastern grey kangaroo,-38.42,144.84,2021
Eastern grey kangaroo,-35.1,150.63,2025
Eastern grey kangaroo,-31.39,150.69,2025
Eastern grey kangaroo,-33.73,150.81,2022
Eastern grey kangaroo,-35.28,149.09,2022
Eastern grey kangaroo,-35.09,150.59,2023
Eastern grey kangaroo,-31.13,152.81,2022
Eastern grey kangaroo,-42.57,148.08,2025
Eastern grey kangaroo,-35.39,149.35,2021
Eastern grey kangaroo,-33.63,150.79,2023
Eastern grey kangaroo,-27.92,153.38,2022
Eastern grey kangaroo,-35.56,150.37,2024
Eastern grey kangaroo,-34.05,149.65,2022
Eastern grey kangaroo,-30.44,150.34,2022
Eastern grey kangaroo,-30.72,150.21,2023
Eastern grey kangaroo,-29.55,153.27,2024
Eastern grey kangaroo,-26.63,153.1,2022
Eastern grey kangaroo,-37.55,149.75,2022
Eastern grey kangaroo,-30.65,149.18,2023
Eastern grey kangaroo,-34.07,149.71,2021
Eastern grey kangaroo,-30.16,153.16,2021
Eastern grey kangaroo,-30.41,150.25,2023
Eastern grey kangaroo,-35.2,149.14,2025
Eastern grey kangaroo,-37.39,144.27,2024
Eastern grey kangaroo,-33.48,150.16,2024
Eastern grey kangaroo,-33.05,150.02,2023
Eastern grey kangaroo,-35.19,149.05,2025
Eastern grey kangaroo,-33.14,151.42,2021
Eastern grey kangaroo,-25.06,148.23,2024
Eastern grey kangaroo,-34.08,150.51,2024
Eastern grey kangaroo,-35.95,149.2,2024
Eastern grey kangaroo,-35.26,149.68,2024
Eastern grey kangaroo,-33.02,150.03,2023
Eastern grey kangaroo,-29.42,153.29,2021
Eastern grey kangaroo,-30.41,150.47,2022
Eastern grey kangaroo,-33.25,149.07,2023
Eastern grey kangaroo,-33.71,150.79,2022
Eastern grey kangaroo,-31.41,150.62,2025
Eastern grey kangaroo,-34.7,150.18,2023
Eastern grey kangaroo,-34.12,148.57,2025
Eastern grey kangaroo,-29.72,152.93,2024
Eastern grey kangaroo,-36.86,149.93,2022
Eastern grey kangaroo,-33.96,150.9,2025
Eastern grey kangaroo,-33.26,149.74,2025
Eastern grey kangaroo,-35.22,149.34,2024
Eastern grey kangaroo,-37.65,144.85,2024
Eastern grey kangaroo,-33.66,150.81,2021
Eastern grey kangaroo,-32.35,149.95,2022
Eastern grey kangaroo,-35.56,150.38,2021
Eastern grey kangaroo,-38.79,143.64,2024
Eastern grey kangaroo,-36.74,149.38,2021
Eastern grey kangaroo,-31.11,150.96,2023
Eastern grey kangaroo,-38.21,145.25,2022
Eastern grey kangaroo,-30.41,150.25,2024
Eastern grey kangaroo,-30.56,150.11,2024
Eastern grey kangaroo,-36.76,149.77,2025
Eastern grey kangaroo,-33.02,150.05,2024
Eastern grey kangaroo,-35.88,148.15,2021
Eastern grey kangaroo,-34.83,148.91,2025
Eastern grey kangaroo,-33.95,150.84,2024
Eastern grey kangaroo,-37.74,144.84,2022
Eastern grey kangaroo,-33.71,150.81,2023
Eastern grey kangaroo,-35.37,149.03,2025
Eastern grey kangaroo,-30.08,153.2,2025
Eastern grey kangaroo,-33.48,150.13,2024
Eastern grey kangaroo,-30.44,150.34,2023
Eastern grey kangaroo,-38.35,144.95,2025
Eastern grey kangaroo,-35.82,150.19,2024
Eastern grey kangaroo,-32.6,151.53,2023
Eastern grey kangaroo,-30.58,151.71,2023
Eastern grey kangaroo,-35.38,149.24,2023
Eastern grey kangaroo,-30.54,150.11,2024
Eastern grey kangaroo,-35.51,149.16,2021
Eastern grey kangaroo,-30.5,149.28,2025
Eastern grey kangaroo,-30.41,150.45,2023
Eastern grey kangaroo,-34.26,150.23,2024
Eastern grey kangaroo,-31.27,148.93,2024
Eastern grey kangaroo,-35.56,150.27,2022
Eastern grey kangaroo,-36.23,149.12,2024
Eastern grey kangaroo,-33.42,149.62,2021
Eastern grey kangaroo,-35.17,147.35,2024
Eastern grey kangaroo,-32.15,151.93,2022
Eastern grey kangaroo,-33.48,150.11,2024
Eastern grey kangaroo,-33.74,150.75,2021
Eastern grey kangaroo,-30.42,150.46,2025
Eastern grey kangaroo,-35.32,149.16,2021
Eastern grey kangaroo,-34.07,149.71,2022
Eastern grey kangaroo,-35.06,150.81,2025
Eastern grey kangaroo,-33.7,150.83,2025
Eastern grey kangaroo,-35.79,150.21,2024
Eastern grey kangaroo,-25.93,152.61,2024
Eastern grey kangaroo,-27.78,152.99,2022
Eastern grey kangaroo,-35.09,149.03,2024
Eastern grey kangaroo,-32.17,150.89,2022
Eastern grey kangaroo,-30.42,150.34,2025
Eastern grey kangaroo,-34.06,150.69,2025
Eastern grey kangaroo,-31.26,148.96,2025
Eastern grey kangaroo,-35.4,149.14,2021
Eastern grey kangaroo,-33.66,150.68,2022
Eastern grey kangaroo,-35.71,150.24,2023
Eastern grey kangaroo,-36.56,150.04,2023
Eastern grey kangaroo,-37.96,145.3,2023
Eastern grey kangaroo,-27.82,153.05,2025
Eastern grey kangaroo,-32.83,151.36,2022
Eastern grey kangaroo,-34.15,150.74,2024
Eastern grey kangaroo,-33.61,150.72,2023
Eastern grey kangaroo,-34.31,148.27,2025
Eastern grey kangaroo,-34.75,150.49,2022
Eastern grey kangaroo,-34.19,150.71,2024
Eastern grey kangaroo,-33.78,150.73,2022
Eastern grey kangaroo,-30.34,150.27,2022
Eastern grey kangaroo,-34.67,148.07,2024
Eastern grey kangaroo,-30.48,150.23,2023
Eastern grey kangaroo,-37.68,145.04,2024
Eastern grey kangaroo,-30.41,150.26,2023
Eastern grey kangaroo,-29.69,152.85,2024
Eastern grey kangaroo,-32.75,151.75,2021
Eastern grey kangaroo,-30.55,150.15,2023
Eastern grey kangaroo,-30.43,150.32,2023
Eastern grey kangaroo,-30.76,150.23,2022
Eastern grey kangaroo,-29.55,153.27,2022
Eastern grey kangaroo,-37.16,142.53,2023
Eastern grey kangaroo,-27.44,153.54,2025
Eastern grey kangaroo,-33.8,150.85,2021
Eastern grey kangaroo,-30.41,150.28,2022
Eastern grey kangaroo,-30.64,149.21,2025
Eastern grey kangaroo,-32.25,148.6,2024
Eastern grey kangaroo,-30.89,153.05,2022
Eastern grey kangaroo,-30.41,150.48,2025
Eastern grey kangaroo,-30.34,150.84,2022
Eastern grey kangaroo,-30.54,149.32,2024
Eastern grey kangaroo,-30.89,153.04,2022
Eastern grey kangaroo,-35.64,150.3,2023
Eastern grey kangaroo,-30.36,150.25,2025
Eastern grey kangaroo,-36.35,148.56,2021
Eastern grey kangaroo,-31.72,152.47,2022
Eastern grey kangaroo,-35.18,147.34,2024
Eastern grey kangaroo,-33.72,150.8,2024
Eastern grey kangaroo,-34.14,149.65,2022
Eastern grey kangaroo,-34.05,149.65,2022
Eastern grey kangaroo,-33.94,150.74,2024
Eastern grey kangaroo,-36.34,149.97,2023
Eastern grey kangaroo,-36.09,150.01,2021
Eastern grey kangaroo,-33.88,150.82,2023
Eastern grey kangaroo,-30.12,152.14,2022
Eastern grey kangaroo,-30.33,150.86,2025
Eastern grey kangaroo,-27.98,153.17,2021
Eastern grey kangaroo,-32.37,148.85,2022
Eastern grey kangaroo,-38.33,144.18,2022
Eastern grey kangaroo,-34.81,150.0,2023
Eastern grey kangaroo,-30.53,152.03,2025
Eastern grey kangaroo,-36.29,149.18,2025
Eastern grey kangaroo,-37.14,149.96,2023
Eastern grey kangaroo,-35.36,149.34,2024
Eastern grey kangaroo,-30.43,150.49,2025
Eastern grey kangaroo,-37.66,148.37,2023
Eastern grey kangaroo,-32.77,151.31,2022
Eastern grey kangaroo,-27.82,152.99,2023
Eastern grey kangaroo,-30.41,150.45,2023
Eastern grey kangaroo,-30.55,150.17,2024
Eastern grey kangaroo,-36.3,150.13,2024
Eastern grey kangaroo,-34.26,150.72,2024
Eastern grey kangaroo,-36.1,146.91,2022
Eastern grey kangaroo,-31.08,150.94,2024
Eastern grey kangaroo,-32.78,151.74,2024
Eastern grey kangaroo,-32.78,151.64,2023
Eastern grey kangaroo,-37.88,144.18,2025
Eastern grey kangaroo,-36.44,148.63,2021
Eastern grey kangaroo,-30.47,150.33,2024
Eastern grey kangaroo,-35.06,148.1,2025
Eastern grey kangaroo,-35.52,150.39,2025
Eastern grey kangaroo,-38.18,145.57,2025
Eastern grey kangaroo,-34.32,150.61,2025
Eastern grey kangaroo,-38.23,144.65,2025
Eastern grey kangaroo,-31.07,152.86,2021
Eastern grey kangaroo,-35.68,149.2,2023
Eastern grey kangaroo,-34.08,149.69,2023
Eastern grey kangaroo,-30.48,150.25,2023
Eastern grey kangaroo,-34.88,144.17,2022
Eastern grey kangaroo,-33.77,150.67,2024
Eastern grey kangaroo,-30.35,150.28,2023
Eastern grey kangaroo,-30.54,149.32,2024
Eastern grey kangaroo,-34.57,150.28,2022
Eastern grey kangaroo,-34.57,150.2,2025
Eastern grey kangaroo,-35.1,150.63,2023
Eastern grey kangaroo,-30.7,151.88,2021
Eastern grey kangaroo,-33.04,150.04,2023
Eastern grey kangaroo,-35.38,147.7,2021
Eastern grey kangaroo,-33.03,150.02,2024
Eastern grey kangaroo,-35.8,150.16,2024
Eastern grey kangaroo,-36.63,149.96,2022
Eastern grey kangaroo,-36.41,148.66,2021
Eastern grey kangaroo,-30.58,151.01,2021
Eastern grey kangaroo,-35.66,150.29,2024
Eastern grey kangaroo,-35.35,149.24,2024
Eastern grey kangaroo,-33.76,150.76,2024
Eastern grey kangaroo,-36.37,146.23,2023
Eastern grey kangaroo,-31.12,152.87,2023
Eastern grey kangaroo,-35.28,149.15,2023
Eastern grey kangaroo,-34.65,150.64,2025
Eastern grey kangaroo,-33.82,148.17,2024
Eastern grey kangaroo,-32.24,148.63,2024
Eastern grey kangaroo,-27.02,152.37,2025
Eastern grey kangaroo,-24.98,152.18,2025
Eastern grey kangaroo,-30.46,149.86,2025
Eastern grey kangaroo,-33.03,150.04,2024
Eastern grey kangaroo,-30.53,150.11,2025
Eastern grey kangaroo,-35.38,147.7,2021
Eastern grey kangaroo,-32.52,150.91,2022
Eastern grey kangaroo,-30.41,150.48,2025
Eastern grey kangaroo,-35.29,149.48,2024
Eastern grey kangaroo,-35.11,150.66,2025
Eastern grey kangaroo,-24.81,152.46,2025
Eastern grey kangaroo,-34.64,150.47,2023
Eastern grey kangaroo,-32.43,149.53,2025
Eastern grey kangaroo,-34.14,149.65,2022
Eastern grey kangaroo,-38.94,146.25,2025
Eastern grey kangaroo,-33.82,148.69,2023
Eastern grey kangaroo,-33.37,149.09,2024
Eastern grey kangaroo,-30.93,152.06,2022
Eastern grey kangaroo,-37.6,143.88,2022
Eastern grey kangaroo,-30.35,150.85,2022
Eastern grey kangaroo,-30.43,150.32,2025
Eastern grey kangaroo,-19.12,146.18,2023
Eastern grey kangaroo,-34.66,149.99,2025
Eastern grey kangaroo,-34.19,150.71,2024
Eastern grey kangaroo,-33.99,150.68,2023
Eastern grey kangaroo,-33.44,149.58,2022
Eastern grey kangaroo,-36.77,149.92,2021
Eastern grey kangaroo,-30.6,150.04,2023
Eastern grey kangaroo,-35.95,147.04,2021
Eastern grey kangaroo,-30.62,150.29,2025
Eastern grey kangaroo,-33.0,151.12,2023
Eastern grey kangaroo,-30.6,150.07,2024
Eastern grey kangaroo,-35.15,149.22,2023
Eastern grey kangaroo,-34.12,149.67,2022
Eastern grey kangaroo,-34.99,149.02,2025
Eastern grey kangaroo,-34.53,150.39,2024
Eastern grey kangaroo,-30.58,149.25,2024
Eastern grey kangaroo,-30.18,153.16,2022
Eastern grey kangaroo,-30.17,153.15,2024
Eastern grey kangaroo,-29.89,152.92,2023
Eastern grey kangaroo,-35.96,149.17,2024
Eastern grey kangaroo,-28.92,152.41,2023
Eastern grey kangaroo,-27.92,153.37,2025
Eastern grey kangaroo,-37.74,144.76,2025
Eastern grey kangaroo,-33.76,150.74,2025
Eastern grey kangaroo,-27.83,153.29,2023
Eastern grey kangaroo,-31.6,152.81,2024
Eastern grey kangaroo,-38.69,146.33,2024
Eastern grey kangaroo,-35.26,149.11,2022
Eastern grey kangaroo,-32.52,151.13,2023
Eastern grey kangaroo,-33.03,150.03,2024
Eastern grey kangaroo,-35.5,148.26,2021
Eastern grey kangaroo,-32.52,151.17,2024
Eastern grey kangaroo,-30.72,150.21,2024
Eastern grey kangaroo,-33.65,150.81,2024
Eastern grey kangaroo,-35.97,149.2,2024
Eastern grey kangaroo,-30.47,150.33,2024
Eastern grey kangaroo,-33.76,150.75,2022
Eastern grey kangaroo,-30.41,150.28,2022
Eastern grey kangaroo,-35.57,150.37,2024
Eastern grey kangaroo,-30.41,150.26,2025
Eastern grey kangaroo,-36.03,146.89,2024
Eastern grey kangaroo,-30.47,149.85,2024
Eastern grey kangaroo,-30.37,150.25,2022
Eastern grey kangaroo,-37.69,145.12,2023
Eastern grey kangaroo,-33.2,151.45,2023
Eastern grey kangaroo,-30.99,150.11,2022
Eastern grey kangaroo,-30.41,150.49,2024
Eastern grey kangaroo,-33.08,149.68,2023
Eastern grey kangaroo,-37.05,145.17,2024
Eastern grey kangaroo,-37.93,145.32,2024
Eastern grey kangaroo,-30.44,150.34,2023
Eastern grey kangaroo,-30.46,149.2,2023
Eastern grey kangaroo,-37.97,145.3,2022
Eastern grey kangaroo,-35.53,150.39,2024
Eastern grey kangaroo,-30.55,150.15,2023
Eastern grey kangaroo,-29.49,153.1,2021
Eastern grey kangaroo,-33.95,149.57,2023
Eastern grey kangaroo,-36.85,149.83,2025
Eastern grey kangaroo,-38.19,146.26,2025
Eastern grey kangaroo,-33.71,150.81,2025
Eastern grey kangaroo,-33.54,150.17,2024
Eastern grey kangaroo,-37.04,144.2,2024
Eastern grey kangaroo,-33.03,150.02,2024
Eastern grey kangaroo,-36.95,149.9,2024
Eastern grey kangaroo,-30.34,150.27,2025
Eastern grey kangaroo,-33.65,150.81,2025
Eastern grey kangaroo,-33.41,150.07,2024
Eastern grey kangaroo,-36.09,150.05,2023
Eastern grey kangaroo,-37.92,145.32,2024
Eastern grey kangaroo,-33.71,150.81,2025
Eastern grey kangaroo,-35.32,148.96,2023
Eastern grey kangaroo,-30.6,150.07,2025
Eastern grey kangaroo,-36.03,150.1,2024
Eastern grey kangaroo,-33.4,150.22,2023
Eastern grey kangaroo,-38.35,145.02,2021
Eastern grey kangaroo,-30.42,151.6,2025
Eastern grey kangaroo,-34.07,150.77,2022
Eastern grey kangaroo,-36.72,144.19,2024
Eastern grey kangaroo,-33.13,151.51,2024
Eastern grey kangaroo,-33.02,150.03,2024
Eastern grey kangaroo,-31.9,152.51,2022
Eastern grey kangaroo,-33.71,150.81,2023
Eastern grey kangaroo,-33.24,151.48,2021
Eastern grey kangaroo,-31.05,152.19,2022
Eastern grey kangaroo,-37.63,145.12,2023
Eastern grey kangaroo,-33.23,151.46,2024
Eastern grey kangaroo,-30.52,149.29,2024
Eastern grey kangaroo,-31.55,147.18,2021
Eastern grey kangaroo,-37.76,145.64,2023
Eastern grey kangaroo,-36.35,148.61,2022
Eastern grey kangaroo,-33.46,149.78,2022
Eastern grey kangaroo,-29.76,151.11,2023
Eastern grey kangaroo,-30.46,150.32,2022
Eastern grey kangaroo,-32.02,151.0,2021
Eastern grey kangaroo,-35.03,150.65,2024
Eastern grey kangaroo,-36.4,148.72,2025
Eastern grey kangaroo,-33.72,150.83,2024
Eastern grey kangaroo,-34.73,149.18,2024
Eastern grey kangaroo,-33.75,150.69,2021
Eastern grey kangaroo,-34.07,150.69,2024
Eastern grey kangaroo,-33.81,150.85,2023
Eastern grey kangaroo,-35.11,147.31,2024
Eastern grey kangaroo,-33.04,150.04,2024
Eastern grey kangaroo,-32.72,151.4,2022
Eastern grey kangaroo,-34.91,150.63,2024
Eastern grey kangaroo,-26.76,153.04,2023
Eastern grey kangaroo,-30.45,150.34,2025
Eastern grey kangaroo,-38.27,145.05,2023
Eastern grey kangaroo,-34.74,150.77,2025
Eastern grey kangaroo,-30.52,149.38,2023
Eastern grey kangaroo,-30.5,149.2,2022
Eastern grey kangaroo,-30.36,150.31,2024
Eastern grey kangaroo,-27.96,153.17,2025
Eastern grey kangaroo,-30.33,150.84,2022
Eastern grey kangaroo,-33.83,150.95,2021
Eastern grey kangaroo,-30.54,150.16,2023
Eastern grey kangaroo,-34.14,149.67,2022
Eastern grey kangaroo,-30.52,149.23,2022
Eastern grey kangaroo,-30.66,149.15,2025
Eastern grey kangaroo,-36.33,148.64,2025
Eastern grey kangaroo,-37.07,144.23,2021
Eastern grey kangaroo,-32.39,149.86,2023
Eastern grey kangaroo,-19.54,145.75,2025
Eastern grey kangaroo,-30.18,153.15,2024
Eastern grey kangaroo,-32.35,149.8,2021
Eastern grey kangaroo,-34.87,149.67,2021
Eastern grey kangaroo,-34.57,147.98,2024
Eastern grey kangaroo,-36.94,149.91,2024
Eastern grey kangaroo,-35.52,149.15,2023
Eastern grey kangaroo,-33.04,150.03,2023
Eastern grey kangaroo,-35.51,150.37,2024
Eastern grey kangaroo,-35.16,150.67,2025
Eastern grey kangaroo,-32.28,151.93,2021
Eastern grey kangaroo,-30.66,149.15,2024
Eastern grey kangaroo,-29.75,151.73,2022
Eastern grey kangaroo,-28.82,153.33,2025
Eastern grey kangaroo,-33.27,148.46,2022
Eastern grey kangaroo,-33.14,150.11,2022
Eastern grey kangaroo,-33.62,150.7,2021
Eastern grey kangaroo,-35.06,149.02,2025
Eastern grey kangaroo,-33.36,149.97,2022
Eastern grey kangaroo,-25.93,152.61,2024
Eastern grey kangaroo,-20.92,149.05,2021
Eastern grey kangaroo,-38.36,144.2,2022
Eastern grey kangaroo,-36.05,146.97,2024
Eastern grey kangaroo,-33.45,149.55,2023
Eastern grey kangaroo,-33.65,150.81,2025
Eastern grey kangaroo,-33.39,149.17,2025
Eastern grey kangaroo,-30.57,149.13,2025
Eastern grey kangaroo,-26.25,153.0,2024
Eastern grey kangaroo,-33.14,150.09,2025
Eastern grey kangaroo,-34.09,148.45,2021
Eastern grey kangaroo,-37.68,145.1,2025
Eastern grey kangaroo,-35.22,149.02,2025
Eastern grey kangaroo,-34.58,150.51,2021
Eastern grey kangaroo,-30.51,149.23,2024
Eastern grey kangaroo,-29.79,150.7,2024
Eastern grey kangaroo,-34.81,150.71,2025
Eastern grey kangaroo,-33.79,150.03,2022
Eastern grey kangaroo,-30.92,148.98,2022
Eastern grey kangaroo,-36.89,149.9,2024
Eastern grey kangaroo,-37.9,145.38,2021
Eastern grey kangaroo,-36.5,148.65,2024
Eastern grey kangaroo,-35.63,148.95,2024
Eastern grey kangaroo,-38.14,145.27,2022
Eastern grey kangaroo,-33.81,150.8,2022
Eastern grey kangaroo,-30.14,151.38,2022
Eastern grey kangaroo,-35.01,150.64,2022
Eastern grey kangaroo,-32.18,149.23,2022
Eastern grey kangaroo,-37.49,144.39,2025
Eastern grey kangaroo,-30.35,150.22,2025
Eastern grey kangaroo,-32.31,149.92,2022
Eastern grey kangaroo,-31.41,150.66,2024
Eastern grey kangaroo,-37.39,144.26,2025
Eastern grey kangaroo,-35.53,150.39,2025
Eastern grey kangaroo,-33.8,150.7,2025
Eastern grey kangaroo,-35.19,149.03,2025
Eastern grey kangaroo,-30.6,150.07,2025
Eastern grey kangaroo,-36.38,148.72,2024
Eastern grey kangaroo,-33.71,150.81,2024
Eastern grey kangaroo,-33.16,151.5,2023
Eastern grey kangaroo,-30.52,149.41,2021
Eastern grey kangaroo,-37.72,145.3,2023
Eastern grey kangaroo,-30.66,149.85,2025
Eastern grey kangaroo,-35.16,147.28,2021
Eastern grey kangaroo,-36.48,148.85,2023
Eastern grey kangaroo,-30.34,150.27,2025
Eastern grey kangaroo,-30.43,150.49,2022
Eastern grey kangaroo,-35.58,149.22,2023
Eastern grey kangaroo,-30.54,149.23,2022
Eastern grey kangaroo,-36.01,150.14,2021
Eastern grey kangaroo,-30.45,150.34,2023
Eastern grey kangaroo,-30.36,150.29,2022
Eastern grey kangaroo,-37.39,144.27,2022
Eastern grey kangaroo,-35.36,149.33,2024
Eastern grey kangaroo,-33.0,150.03,2024
Eastern grey kangaroo,-30.45,149.25,2023
Eastern grey kangaroo,-35.36,149.33,2024
Eastern grey kangaroo,-33.3,149.45,2022
Eastern grey kangaroo,-30.56,150.11,2024
Eastern grey kangaroo,-27.43,153.53,2022
Eastern grey kangaroo,-34.88,150.61,2022
Eastern grey kangaroo,-35.4,149.11,2021
Eastern grey kangaroo,-35.19,149.03,2025
Eastern grey kangaroo,-30.76,150.23,2025
Eastern grey kangaroo,-35.37,149.06,2023
Eastern grey kangaroo,-35.07,147.36,2022
Eastern grey kangaroo,-31.4,150.67,2025
Eastern grey kangaroo,-34.73,150.53,2025
Eastern grey kangaroo,-32.77,151.63,2024
Eastern grey kangaroo,-32.75,151.32,2021
Eastern grey kangaroo,-32.31,149.75,2023
Eastern grey kangaroo,-33.8,150.91,2024
Eastern grey kangaroo,-37.68,145.32,2023
Eastern grey kangaroo,-37.7,145.1,2024
Eastern grey kangaroo,-30.1,153.18,2023
Eastern grey kangaroo,-33.63,150.75,2025
Eastern grey kangaroo,-33.45,151.29,2023
Eastern grey kangaroo,-30.63,150.01,2025
Eastern grey kangaroo,-36.4,148.65,2025
Eastern grey kangaroo,-33.23,150.04,2023
Eastern grey kangaroo,-36.39,149.9,2024
Eastern grey kangaroo,-35.44,148.94,2023
Eastern grey kangaroo,-29.73,152.94,2024
Eastern grey kangaroo,-37.39,144.27,2021
Eastern grey kangaroo,-37.46,144.65,2024
Eastern grey kangaroo,-36.81,149.81,2023
Eastern grey kangaroo,-29.94,152.73,2022
Eastern grey kangaroo,-30.88,153.07,2023
Eastern grey kangaroo,-37.95,145.26,2025
Eastern grey kangaroo,-35.19,149.03,2025
Eastern grey kangaroo,-32.57,148.96,2022
Eastern grey kangaroo,-30.43,150.32,2025
Eastern grey kangaroo,-30.52,149.33,2023
Eastern grey kangaroo,-37.26,144.88,2025
Eastern grey kangaroo,-34.19,150.14,2023
Eastern grey kangaroo,-33.48,150.16,2021
Eastern grey kangaroo,-30.4,150.25,2022
Eastern grey kangaroo,-35.06,149.25,2021
Eastern grey kangaroo,-38.39,144.96,2021
Eastern grey kangaroo,-30.57,149.13,2023
Eastern grey kangaroo,-33.31,149.05,2024
Eastern grey kangaroo,-36.38,148.84,2025
Eastern grey kangaroo,-30.76,150.23,2025
Eastern grey kangaroo,-33.7,151.0,2021
Eastern grey kangaroo,-30.56,149.24,2023
Eastern grey kangaroo,-35.5,150.37,2025
Eastern grey kangaroo,-35.16,149.15,2025
Eastern grey kangaroo,-32.84,151.71,2022
Eastern grey kangaroo,-37.66,145.3,2021
Eastern grey kangaroo,-35.47,148.28,2021
Eastern grey kangaroo,-29.43,153.34,2022
Eastern grey kangaroo,-38.23,144.45,2022
Eastern grey kangaroo,-30.54,150.11,2024
Eastern grey kangaroo,-33.02,150.06,2023
Eastern grey kangaroo,-28.8,153.09,2024
Eastern grey kangaroo,-33.71,150.79,2025
Eastern grey kangaroo,-33.97,150.82,2025
Eastern grey kangaroo,-25.93,152.61,2025
Eastern grey kangaroo,-37.72,145.05,2024
Eastern grey kangaroo,-33.74,149.19,2021
Eastern grey kangaroo,-30.41,150.26,2023
Eastern grey kangaroo,-33.4,150.2,2023
Eastern grey kangaroo,-34.27,149.92,2022
Eastern grey kangaroo,-31.39,150.66,2025
Eastern grey kangaroo,-30.39,150.23,2024
Eastern grey kangaroo,-33.05,150.01,2023
Eastern grey kangaroo,-27.84,152.97,2023
Eastern grey kangaroo,-30.45,150.34,2024
Eastern grey kangaroo,-35.1,150.63,2021
Eastern grey kangaroo,-34.05,149.65,2022
Eastern grey kangaroo,-34.09,150.82,2022
Eastern grey kangaroo,-32.68,151.64,2024
Eastern grey kangaroo,-35.23,149.41,2023
Eastern grey kangaroo,-31.05,149.05,2022
Eastern grey kangaroo,-30.53,149.28,2024
Eastern grey kangaroo,-34.02,141.89,2022
Eastern grey kangaroo,-35.61,150.33,2023
Eastern grey kangaroo,-33.81,150.9,2024
Eastern grey kangaroo,-34.7,150.57,2024
Eastern grey kangaroo,-36.06,146.99,2023
Eastern grey kangaroo,-33.04,150.04,2023
Eastern grey kangaroo,-33.56,149.72,2025
Eastern grey kangaroo,-33.7,150.75,2021
Eastern grey kangaroo,-30.48,149.21,2021
Eastern grey kangaroo,-35.58,149.73,2021
Eastern grey kangaroo,-27.92,153.38,2022
Eastern grey kangaroo,-36.84,149.8,2022
Eastern grey kangaroo,-30.43,150.49,2025
Eastern grey kangaroo,-34.4,148.73,2021
Eastern grey kangaroo,-33.71,150.81,2025
Eastern grey kangaroo,-35.06,150.78,2025
Eastern grey kangaroo,-35.7,147.31,2021
Eastern grey kangaroo,-33.87,150.89,2023
Eastern grey kangaroo,-38.39,144.96,2022
Eastern grey kangaroo,-33.53,150.13,2025
Eastern grey kangaroo,-31.73,147.85,2024
Eastern grey kangaroo,-29.5,153.24,2022
Eastern grey kangaroo,-34.96,149.07,2024
Eastern grey kangaroo,-36.92,149.89,2022
Eastern grey kangaroo,-35.44,149.21,2023
Eastern grey kangaroo,-36.13,144.76,2022
Eastern grey kangaroo,-35.44,149.22,2023
Eastern grey kangaroo,-28.1,153.03,2023
Eastern grey kangaroo,-34.1,145.85,2025
Eastern grey kangaroo,-37.73,145.18,2022
Eastern grey kangaroo,-27.28,153.05,2021
Eastern grey kangaroo,-35.48,149.75,2024
Eastern grey kangaroo,-30.43,150.32,2025
Eastern grey kangaroo,-35.18,149.02,2025
Eastern grey kangaroo,-30.18,153.19,2025
Eastern grey kangaroo,-30.54,150.11,2025
Eastern grey kangaroo,-34.73,150.0,2021
Eastern grey kangaroo,-33.54,150.22,2023
Eastern grey kangaroo,-35.43,149.22,2021
Eastern grey kangaroo,-35.57,150.33,2021
Eastern grey kangaroo,-34.08,149.69,2022
Eastern grey kangaroo,-33.4,150.25,2021
Eastern grey kangaroo,-35.55,150.31,2021
Eastern grey kangaroo,-27.43,153.54,2025
Eastern grey kangaroo,-34.37,148.59,2025
Eastern grey kangaroo,-35.24,149.17,2022
Eastern grey kangaroo,-34.08,149.69,2022
Eastern grey kangaroo,-27.63,152.79,2024
Eastern grey kangaroo,-35.1,150.49,2022
Eastern grey kangaroo,-30.19,153.15,2022
Eastern grey kangaroo,-35.57,149.74,2022
Eastern grey kangaroo,-30.48,150.23,2022
Eastern grey kangaroo,-30.63,149.88,2022
Eastern grey kangaroo,-30.32,150.28,2024
Eastern grey kangaroo,-35.73,150.19,2023
Eastern grey kangaroo,-30.74,150.25,2024
Eastern grey kangaroo,-33.37,150.16,2023
Eastern grey kangaroo,-30.53,150.18,2023
Eastern grey kangaroo,-33.39,150.27,2025
Eastern grey kangaroo,-30.34,150.27,2025
Eastern grey kangaroo,-33.88,150.87,2025
Eastern grey kangaroo,-35.38,147.7,2022
Eastern grey kangaroo,-27.98,153.32,2025
Eastern grey kangaroo,-30.43,150.32,2024
Eastern grey kangaroo,-36.72,149.98,2023
Eastern grey kangaroo,-35.5,148.26,2021
Eastern grey kangaroo,-27.26,152.19,2025
Eastern grey kangaroo,-33.62,150.77,2024
Eastern grey kangaroo,-34.63,148.01,2025
Eastern grey kangaroo,-34.95,149.2,2025
Eastern grey kangaroo,-30.52,149.2,2023
Eastern grey kangaroo,-30.1,153.19,2023
Eastern grey kangaroo,-33.61,150.89,2024
Eastern grey kangaroo,-30.18,153.19,2024
Eastern grey kangaroo,-30.41,150.26,2025
Eastern grey kangaroo,-32.31,149.86,2023
Eastern grey kangaroo,-34.8,150.02,2024
Eastern grey kangaroo,-35.46,149.21,2024
Eastern grey kangaroo,-30.48,150.24,2024
Eastern grey kangaroo,-30.43,150.32,2023
Eastern grey kangaroo,-29.36,153.37,2024
Eastern grey kangaroo,-35.17,149.16,2023
Eastern grey kangaroo,-34.86,150.49,2023
Eastern grey kangaroo,-33.48,150.14,2024
Eastern grey kangaroo,-32.52,151.19,2022
Eastern grey kangaroo,-30.09,152.2,2022
Eastern grey kangaroo,-36.05,146.91,2021
Eastern grey kangaroo,-35.1,150.63,2022
Eastern grey kangaroo,-30.54,149.23,2022
Eastern grey kangaroo,-30.41,150.48,2023
Eastern grey kangaroo,-29.92,152.2,2021
Eastern grey kangaroo,-30.9,153.07,2021
Eastern grey kangaroo,-38.39,144.92,2024
Eastern grey kangaroo,-35.51,150.39,2024
Eastern grey kangaroo,-32.96,149.83,2025
Eastern grey kangaroo,-33.82,150.78,2024
Eastern grey kangaroo,-35.28,149.08,2024
Eastern grey kangaroo,-35.36,149.24,2024
Eastern grey kangaroo,-30.55,150.17,2023
Eastern grey kangaroo,-30.52,149.33,2025
Eastern grey kangaroo,-33.62,150.93,2024
Eastern grey kangaroo,-26.85,148.96,2024
Eastern grey kangaroo,-30.99,150.26,2025
Eastern grey kangaroo,-30.5,149.89,2025
Eastern grey kangaroo,-36.48,150.04,2021
Eastern grey kangaroo,-35.38,147.7,2022
Eastern grey kangaroo,-35.59,149.21,2023
Eastern grey kangaroo,-29.74,151.07,2022
Eastern grey kangaroo,-23.59,150.47,2024
Eastern grey kangaroo,-36.64,150.0,2021
Eastern grey kangaroo,-35.01,149.83,2023
Eastern grey kangaroo,-32.57,151.18,2022
Eastern grey kangaroo,-37.74,145.12,2022
Eastern grey kangaroo,-38.27,145.05,2024
Eastern grey kangaroo,-32.36,149.81,2022
Eastern grey kangaroo,-35.48,149.19,2024
Eastern grey kangaroo,-35.38,147.7,2021
Eastern grey kangaroo,-30.43,150.33,2024
Eastern grey kangaroo,-33.41,150.2,2023
Eastern grey kangaroo,-27.94,153.35,2025
Eastern grey kangaroo,-34.07,150.77,2022
Eastern grey kangaroo,-30.52,149.33,2022
Eastern grey kangaroo,-33.58,150.89,2023
Eastern grey kangaroo,-31.45,152.87,2022
Eastern grey kangaroo,-30.43,150.33,2022
Eastern grey kangaroo,-30.42,150.46,2023
Eastern grey kangaroo,-33.83,151.05,2024
Eastern grey kangaroo,-30.35,150.28,2023
Eastern grey kangaroo,-30.65,149.9,2025
Eastern grey kangaroo,-33.61,150.74,2024
Eastern grey kangaroo,-33.9,150.6,2025
Eastern grey kangaroo,-34.37,150.54,2024
Eastern grey kangaroo,-30.1,145.94,2025
Eastern grey kangaroo,-30.66,149.84,2025
Eastern grey kangaroo,-34.72,150.47,2024
Eastern grey kangaroo,-30.5,151.67,2022
Eastern grey kangaroo,-34.04,150.7,2022
Eastern grey kangaroo,-31.62,144.27,2025
Eastern grey kangaroo,-35.45,149.21,2023
Eastern grey kangaroo,-35.42,149.37,2024
Eastern grey kangaroo,-30.43,150.32,2023
Eastern grey kangaroo,-34.92,149.42,2025
Eastern grey kangaroo,-30.67,149.85,2025
Eastern grey kangaroo,-38.04,144.52,2024
Eastern grey kangaroo,-37.93,145.32,2025
Eastern grey kangaroo,-34.91,150.59,2025
Eastern grey kangaroo,-32.24,152.48,2024
Eastern grey kangaroo,-37.39,144.27,2024
Eastern grey kangaroo,-34.92,150.63,2024
Eastern grey kangaroo,-36.07,146.97,2023
Eastern grey kangaroo,-31.04,152.77,2023
Eastern grey kangaroo,-32.06,150.89,2023
Eastern grey kangaroo,-29.64,152.93,2024
Saltwater crocodile,-12.4,131.0,2023
Saltwater crocodile,-11.17,132.16,2022
Saltwater crocodile,-12.43,131.71,2023
Saltwater crocodile,-12.34,131.79,2021
Saltwater crocodile,-12.44,131.71,2021
Saltwater crocodile,-12.3,131.1,2025
Saltwater crocodile,-12.42,132.84,2024
Saltwater crocodile,-12.64,131.36,2021
Saltwater crocodile,-12.84,132.48,2024
Saltwater crocodile,-12.64,131.35,2024
Saltwater crocodile,-12.49,131.72,2021
Saltwater crocodile,-12.65,131.34,2021
Saltwater crocodile,-12.18,134.13,2024
Saltwater crocodile,-13.39,130.3,2022
Saltwater crocodile,-12.63,131.36,2021
Saltwater crocodile,-12.63,131.36,2023
Saltwater crocodile,-12.9,131.21,2021
Saltwater crocodile,-12.47,131.72,2022
Saltwater crocodile,-12.74,131.28,2021
Saltwater crocodile,-12.6,130.8,2025
Saltwater crocodile,-12.69,131.3,2021
Saltwater crocodile,-12.51,131.72,2023
Saltwater crocodile,-13.51,130.43,2022
Saltwater crocodile,-12.65,131.34,2021
Saltwater crocodile,-12.89,131.21,2021
Saltwater crocodile,-12.63,131.36,2024
Saltwater crocodile,-12.44,131.34,2024
Saltwater crocodile,-12.5,130.9,2023
Saltwater crocodile,-12.58,131.38,2022
Saltwater crocodile,-12.44,131.71,2022
Saltwater crocodile,-13.23,131.11,2021
Saltwater crocodile,-13.48,130.44,2024
Saltwater crocodile,-12.44,131.34,2021
Saltwater crocodile,-12.71,131.64,2025
Saltwater crocodile,-12.7,130.9,2023
Saltwater crocodile,-12.15,134.13,2024
Saltwater crocodile,-12.2,134.13,2024
Saltwater crocodile,-12.42,131.72,2021
Saltwater crocodile,-13.5,130.46,2022
Saltwater crocodile,-12.55,131.38,2021
Saltwater crocodile,-12.44,131.33,2023
Saltwater crocodile,-12.59,131.38,2021
Saltwater crocodile,-12.55,131.37,2023
Saltwater crocodile,-12.55,131.38,2022
Saltwater crocodile,-12.23,134.13,2022
Saltwater crocodile,-12.3,130.9,2025
Saltwater crocodile,-12.36,130.91,2025
Saltwater crocodile,-12.62,131.37,2021
Saltwater crocodile,-12.61,131.66,2021
Saltwater crocodile,-12.45,131.71,2022
Saltwater crocodile,-12.5,131.38,2021
Saltwater crocodile,-12.7,131.0,2022
Saltwater crocodile,-12.71,131.66,2023
Saltwater crocodile,-12.25,134.13,2024
Saltwater crocodile,-12.14,134.19,2024
Saltwater crocodile,-12.59,131.39,2021
Saltwater crocodile,-12.17,134.59,2024
Saltwater crocodile,-12.3,131.1,2025
Saltwater crocodile,-12.66,131.34,2023
Saltwater crocodile,-16.1,136.3,2021
Saltwater crocodile,-12.78,131.24,2024
Saltwater crocodile,-12.37,135.02,2022
Saltwater crocodile,-12.6,131.3,2022
Saltwater crocodile,-12.19,134.54,2024
Saltwater crocodile,-12.44,131.33,2024
Saltwater crocodile,-12.45,131.34,2022
Saltwater crocodile,-12.5,130.9,2023
Saltwater crocodile,-12.64,131.36,2024
Saltwater crocodile,-13.87,130.74,2023
Saltwater crocodile,-12.7,131.0,2021
Saltwater crocodile,-16.26,145.37,2022
Saltwater crocodile,-12.7,131.0,2023
Saltwater crocodile,-12.8,131.22,2022
Saltwater crocodile,-13.65,130.57,2024
Saltwater crocodile,-12.49,131.36,2021
Saltwater crocodile,-12.3,135.02,2024
Saltwater crocodile,-12.7,131.33,2022
Saltwater crocodile,-12.34,131.77,2023
Saltwater crocodile,-12.67,131.33,2023
Saltwater crocodile,-13.61,130.56,2022
Saltwater crocodile,-12.34,135.0,2024
Saltwater crocodile,-16.33,145.22,2024
Saltwater crocodile,-12.2,134.13,2024
Saltwater crocodile,-12.2,134.13,2024
Saltwater crocodile,-12.71,131.27,2023
Saltwater crocodile,-12.51,131.72,2023
Saltwater crocodile,-12.62,131.37,2021
Saltwater crocodile,-10.74,142.59,2021
Saltwater crocodile,-12.62,131.37,2021
Saltwater crocodile,-12.32,135.0,2022
Saltwater crocodile,-12.69,131.3,2022
Saltwater crocodile,-12.73,131.66,2023
Saltwater crocodile,-12.8,131.1,2022
Saltwater crocodile,-12.45,131.34,2021
Saltwater crocodile,-12.17,134.59,2022
Saltwater crocodile,-12.43,131.33,2024
Saltwater crocodile,-12.67,131.33,2024
Saltwater crocodile,-12.73,131.27,2021
Saltwater crocodile,-13.8,136.4,2021
Saltwater crocodile,-12.78,131.26,2022
Saltwater crocodile,-12.71,131.64,2025
Saltwater crocodile,-12.48,131.37,2023
Saltwater crocodile,-12.4,131.1,2025
Saltwater crocodile,-13.94,130.87,2021
Saltwater crocodile,-10.17,142.25,2025
Saltwater crocodile,-12.69,131.3,2021
Saltwater crocodile,-12.3,130.9,2025
Saltwater crocodile,-14.74,125.51,2025
Saltwater crocodile,-12.6,131.1,2021
Saltwater crocodile,-12.29,135.04,2022
Saltwater crocodile,-12.15,134.12,2024
Saltwater crocodile,-12.65,131.65,2023
Saltwater crocodile,-13.73,130.68,2024
Saltwater crocodile,-12.64,131.37,2021
Saltwater crocodile,-12.5,131.0,2024
Saltwater crocodile,-12.33,134.99,2024
Saltwater crocodile,-12.69,131.3,2024
Saltwater crocodile,-18.69,146.05,2023
Saltwater crocodile,-12.4,130.7,2021
Saltwater crocodile,-12.45,131.34,2022
Saltwater crocodile,-12.28,134.26,2022
Saltwater crocodile,-12.7,131.1,2022
Saltwater crocodile,-12.47,131.72,2023
Saltwater crocodile,-12.73,131.65,2023
Saltwater crocodile,-12.18,134.58,2022
Saltwater crocodile,-12.43,131.71,2021
Saltwater crocodile,-12.21,134.64,2024
Saltwater crocodile,-12.62,131.37,2021
Saltwater crocodile,-16.26,145.37,2022
Saltwater crocodile,-12.8,131.6,2023
Saltwater crocodile,-12.58,131.38,2021
Saltwater crocodile,-14.5,132.3,2023
Saltwater crocodile,-12.65,131.34,2024
Saltwater crocodile,-16.26,145.36,2025
Saltwater crocodile,-12.65,131.35,2021
Saltwater crocodile,-12.6,131.3,2024
Saltwater crocodile,-12.44,131.34,2022
Saltwater crocodile,-12.46,131.34,2022
Saltwater crocodile,-12.59,131.38,2022
Saltwater crocodile,-12.93,131.66,2021
Saltwater crocodile,-12.24,134.26,2022
Saltwater crocodile,-12.44,131.32,2021
Saltwater crocodile,-12.77,131.26,2021
Saltwater crocodile,-16.26,145.38,2023
Saltwater crocodile,-12.4,131.0,2022
Saltwater crocodile,-11.38,132.19,2022
Saltwater crocodile,-12.3,130.9,2025
Saltwater crocodile,-12.5,131.72,2023
Saltwater crocodile,-12.55,131.39,2022
Saltwater crocodile,-16.25,145.32,2022
Saltwater crocodile,-16.26,145.39,2025
Saltwater crocodile,-12.86,131.21,2021
Saltwater crocodile,-13.62,130.55,2024
Saltwater crocodile,-12.5,130.9,2025
Saltwater crocodile,-12.3,130.9,2023
Saltwater crocodile,-12.49,131.36,2022
Saltwater crocodile,-12.6,131.0,2021
Saltwater crocodile,-12.67,131.33,2021
Saltwater crocodile,-12.51,132.99,2024
Saltwater crocodile,-12.3,130.9,2023
Saltwater crocodile,-12.49,131.36,2023
Saltwater crocodile,-12.3,130.9,2022
Saltwater crocodile,-12.49,131.72,2021
Saltwater crocodile,-16.1,145.47,2025
Saltwater crocodile,-16.33,123.84,2024
Saltwater crocodile,-12.77,130.95,2022
Saltwater crocodile,-12.51,131.39,2021
Saltwater crocodile,-12.5,130.8,2022
Saltwater crocodile,-12.86,131.2,2023
Saltwater crocodile,-12.43,131.33,2023
Saltwater crocodile,-16.92,145.79,2025
Saltwater crocodile,-12.64,131.36,2025
Saltwater crocodile,-16.26,145.38,2021
Saltwater crocodile,-13.49,130.41,2022
Saltwater crocodile,-12.44,131.33,2024
Saltwater crocodile,-13.54,130.5,2022
Saltwater crocodile,-12.74,131.28,2024
Saltwater crocodile,-12.49,131.38,2021
Saltwater crocodile,-12.43,131.71,2022
Saltwater crocodile,-12.19,134.58,2024
Saltwater crocodile,-12.19,134.52,2022
Saltwater crocodile,-12.46,131.22,2023
Saltwater crocodile,-12.38,131.75,2021
Saltwater crocodile,-12.7,131.0,2022
Saltwater crocodile,-12.88,131.2,2024
Saltwater crocodile,-12.51,131.72,2021
Saltwater crocodile,-12.38,131.74,2021
Saltwater crocodile,-13.6,130.53,2022
Saltwater crocodile,-12.48,131.35,2024
Saltwater crocodile,-12.31,135.0,2022
Saltwater crocodile,-12.49,131.72,2022
Saltwater crocodile,-12.32,134.99,2022
Saltwater crocodile,-12.44,131.71,2023
Saltwater crocodile,-12.5,130.9,2022
Saltwater crocodile,-16.57,145.48,2022
Saltwater crocodile,-12.73,131.27,2021
Saltwater crocodile,-12.7,130.9,2025
Saltwater crocodile,-12.65,131.36,2022
Saltwater crocodile,-12.48,131.35,2024
Saltwater crocodile,-12.33,135.02,2022
Saltwater crocodile,-12.89,132.52,2025
Saltwater crocodile,-12.53,131.4,2021
Saltwater crocodile,-13.09,132.39,2023
Saltwater crocodile,-12.31,131.78,2023
Saltwater crocodile,-12.89,132.51,2022
Saltwater crocodile,-12.66,131.34,2023
Saltwater crocodile,-12.46,131.34,2024
Saltwater crocodile,-12.23,134.65,2024
Saltwater crocodile,-13.56,130.52,2022
Saltwater crocodile,-16.2,145.23,2025
Saltwater crocodile,-12.26,134.26,2024
Saltwater crocodile,-12.66,131.34,2024
Saltwater crocodile,-12.69,131.3,2021
Saltwater crocodile,-12.2,134.63,2022
Saltwater crocodile,-12.45,131.33,2021
Saltwater crocodile,-12.34,135.01,2022
Saltwater crocodile,-12.16,134.59,2022
Saltwater crocodile,-16.55,145.48,2025
Saltwater crocodile,-12.56,131.3,2023
Saltwater crocodile,-12.7,131.28,2023
Saltwater crocodile,-12.16,134.17,2024
Saltwater crocodile,-12.5,130.9,2024
Saltwater crocodile,-12.62,131.37,2023
Saltwater crocodile,-12.5,130.9,2022
Saltwater crocodile,-12.68,131.33,2024
Saltwater crocodile,-13.47,130.37,2024
Saltwater crocodile,-12.43,131.32,2024
Saltwater crocodile,-12.2,134.12,2024
Saltwater crocodile,-12.7,131.29,2024
Saltwater crocodile,-12.6,130.9,2021
Saltwater crocodile,-12.69,131.3,2023
Saltwater crocodile,-12.46,131.72,2021
Saltwater crocodile,-12.69,131.31,2021
Saltwater crocodile,-12.27,135.05,2024
Saltwater crocodile,-12.72,131.27,2022
Saltwater crocodile,-12.5,131.0,2021
Saltwater crocodile,-12.68,131.33,2022
Saltwater crocodile,-16.24,145.35,2025
Saltwater crocodile,-12.19,134.58,2022
Saltwater crocodile,-12.72,131.27,2022
Saltwater crocodile,-13.67,130.65,2024
Saltwater crocodile,-12.46,131.33,2023
Saltwater crocodile,-12.6,130.9,2022
Saltwater crocodile,-12.57,131.39,2023
Saltwater crocodile,-16.26,145.37,2025
Saltwater crocodile,-12.8,131.1,2024
Saltwater crocodile,-16.21,145.24,2024
Saltwater crocodile,-12.75,131.28,2022
Saltwater crocodile,-12.2,134.14,2022
Saltwater crocodile,-16.25,145.33,2023
Saltwater crocodile,-12.5,131.72,2021
Saltwater crocodile,-12.3,130.9,2021
Saltwater crocodile,-12.21,134.13,2022
Saltwater crocodile,-12.72,131.64,2025
Saltwater crocodile,-13.63,130.56,2024
Saltwater crocodile,-12.32,131.78,2023
Saltwater crocodile,-12.25,134.67,2024
Saltwater crocodile,-15.19,125.47,2021
Saltwater crocodile,-12.2,134.63,2024
Saltwater crocodile,-12.61,131.38,2021
Saltwater crocodile,-12.7,131.65,2021
Saltwater crocodile,-12.47,131.72,2022
Saltwater crocodile,-12.89,132.52,2025
Saltwater crocodile,-12.59,131.67,2021
Saltwater crocodile,-12.54,131.39,2021
Saltwater crocodile,-12.59,131.38,2024
Saltwater crocodile,-12.34,135.0,2024
Saltwater crocodile,-12.63,131.36,2021
Saltwater crocodile,-12.8,132.54,2023
Saltwater crocodile,-15.6,130.4,2025
Saltwater crocodile,-13.68,130.59,2022
Saltwater crocodile,-12.46,131.34,2022
Saltwater crocodile,-12.45,131.71,2021
Saltwater crocodile,-16.26,145.38,2025
Saltwater crocodile,-13.5,130.47,2022
Saltwater crocodile,-12.89,132.51,2025
Saltwater crocodile,-12.6,131.3,2025
Saltwater crocodile,-16.26,145.38,2025
Saltwater crocodile,-12.59,131.38,2021
Saltwater crocodile,-12.43,132.97,2025
Saltwater crocodile,-12.25,134.67,2024
Saltwater crocodile,-12.67,131.33,2022
Saltwater crocodile,-16.26,145.39,2024
Saltwater crocodile,-12.19,134.61,2024
Saltwater crocodile,-12.44,131.71,2021
Saltwater crocodile,-12.17,134.59,2024
Saltwater crocodile,-12.5,130.9,2022
Saltwater crocodile,-15.07,144.29,2025
Saltwater crocodile,-16.49,145.46,2023
Saltwater crocodile,-16.2,145.4,2022
Saltwater crocodile,-12.7,131.0,2021
Saltwater crocodile,-16.26,145.37,2025
Saltwater crocodile,-12.65,131.34,2021
Saltwater crocodile,-12.62,131.66,2023
Saltwater crocodile,-12.5,130.9,2021
Saltwater crocodile,-12.46,131.33,2021
Saltwater crocodile,-12.63,131.36,2021
Saltwater crocodile,-12.3,130.9,2024
Saltwater crocodile,-12.48,131.37,2022
Saltwater crocodile,-12.43,131.34,2022
Saltwater crocodile,-12.89,132.52,2025
Saltwater crocodile,-12.9,132.52,2024
Saltwater crocodile,-16.25,145.32,2025
Saltwater crocodile,-12.33,135.03,2022
Saltwater crocodile,-12.13,134.58,2022
Saltwater crocodile,-12.42,131.3,2022
Saltwater crocodile,-12.56,131.38,2021
Saltwater crocodile,-16.26,145.38,2025
Saltwater crocodile,-12.22,134.24,2022
Saltwater crocodile,-12.72,131.34,2024
Saltwater crocodile,-12.15,134.22,2024
Saltwater crocodile,-12.69,131.63,2021
Saltwater crocodile,-12.6,130.9,2025
Saltwater crocodile,-12.73,131.66,2023
Saltwater crocodile,-12.6,130.9,2024
Saltwater crocodile,-12.21,134.13,2024
Saltwater crocodile,-12.35,131.77,2021
Saltwater crocodile,-12.17,134.15,2022
Saltwater crocodile,-12.57,131.38,2025
Saltwater crocodile,-12.6,131.37,2023
Saltwater crocodile,-16.26,145.39,2025
Saltwater crocodile,-12.44,131.34,2021
Saltwater crocodile,-12.43,132.97,2025
Saltwater crocodile,-12.56,131.39,2024
Saltwater crocodile,-12.4,131.73,2021
Saltwater crocodile,-12.8,131.21,2024
Saltwater crocodile,-12.6,130.8,2023
Saltwater crocodile,-14.93,128.54,2024
Saltwater crocodile,-16.14,145.44,2024
Saltwater crocodile,-12.51,131.72,2023
Saltwater crocodile,-16.26,145.37,2025
Saltwater crocodile,-12.36,131.78,2021
Saltwater crocodile,-12.7,131.0,2024
Saltwater crocodile,-16.26,145.37,2022
Saltwater crocodile,-12.56,131.38,2021
Saltwater crocodile,-12.5,130.9,2021
Saltwater crocodile,-12.7,130.9,2024
Saltwater crocodile,-12.7,131.28,2022
Saltwater crocodile,-12.54,131.39,2022
Saltwater crocodile,-12.67,131.33,2022
Saltwater crocodile,-13.68,130.58,2022
Saltwater crocodile,-12.2,134.62,2022
Saltwater crocodile,-12.33,130.9,2023
Saltwater crocodile,-12.59,131.39,2023
Saltwater crocodile,-12.66,131.66,2021
Saltwater crocodile,-12.22,134.65,2024
Saltwater crocodile,-16.25,145.33,2024
Saltwater crocodile,-12.21,134.13,2022
Saltwater crocodile,-12.57,132.92,2023
Saltwater crocodile,-12.65,131.34,2021
Saltwater crocodile,-16.26,145.39,2021
Saltwater crocodile,-12.6,130.9,2021
Saltwater crocodile,-12.59,131.38,2021
Saltwater crocodile,-12.18,134.13,2024
Saltwater crocodile,-12.5,130.9,2022
Saltwater crocodile,-12.47,131.72,2023
Saltwater crocodile,-16.26,145.39,2024
Saltwater crocodile,-12.45,131.71,2023
Saltwater crocodile,-12.5,130.8,2022
Saltwater crocodile,-12.45,131.34,2023
Saltwater crocodile,-12.33,131.78,2023
Saltwater crocodile,-12.77,131.25,2022
Saltwater crocodile,-12.17,134.6,2022
Saltwater crocodile,-12.11,134.59,2024
Saltwater crocodile,-12.51,131.72,2021
Saltwater crocodile,-12.48,131.36,2022
Saltwater crocodile,-12.7,131.0,2021
Saltwater crocodile,-12.7,131.28,2021
Saltwater crocodile,-16.87,145.64,2025
Saltwater crocodile,-12.55,131.37,2023
Saltwater crocodile,-12.46,131.72,2023
Saltwater crocodile,-20.42,148.65,2025
Saltwater crocodile,-12.5,130.9,2022
Saltwater crocodile,-12.64,131.35,2023
Saltwater crocodile,-12.46,131.35,2024
Saltwater crocodile,-12.22,134.65,2024
Saltwater crocodile,-16.26,145.37,2025
Saltwater crocodile,-12.1,134.2,2021
Saltwater crocodile,-12.3,131.1,2023
Saltwater crocodile,-12.28,135.03,2024
Saltwater crocodile,-12.4,130.7,2024
Saltwater crocodile,-14.7,131.9,2022
Saltwater crocodile,-12.47,131.35,2024
Saltwater crocodile,-12.4,131.0,2025
Saltwater crocodile,-16.26,145.37,2022
Saltwater crocodile,-12.69,131.31,2024
Saltwater crocodile,-12.2,134.63,2024
Saltwater crocodile,-12.69,131.29,2023
Saltwater crocodile,-12.47,131.72,2023
Saltwater crocodile,-13.5,130.41,2024
Saltwater crocodile,-12.11,134.59,2024
Saltwater crocodile,-13.61,130.56,2024
Saltwater crocodile,-12.63,131.35,2025
Saltwater crocodile,-16.2,145.3,2023
Saltwater crocodile,-16.26,145.39,2025
Saltwater crocodile,-12.38,135.02,2024
Saltwater crocodile,-12.78,131.24,2022
Saltwater crocodile,-12.8,131.1,2021
Saltwater crocodile,-12.9,132.5,2022
Saltwater crocodile,-12.52,131.73,2023
Saltwater crocodile,-12.21,134.63,2022
Saltwater crocodile,-12.51,131.38,2024
Saltwater crocodile,-12.5,130.9,2022
Saltwater crocodile,-12.6,131.3,2022
Saltwater crocodile,-12.8,131.2,2023
Saltwater crocodile,-12.43,132.97,2022
Saltwater crocodile,-12.43,132.97,2025
Saltwater crocodile,-12.15,134.21,2022
Saltwater crocodile,-16.26,145.38,2025
Saltwater crocodile,-12.77,131.25,2021
Saltwater crocodile,-12.77,131.26,2023
Saltwater crocodile,-12.42,131.72,2023
Saltwater crocodile,-12.19,134.5,2024
Saltwater crocodile,-12.6,131.1,2024
Saltwater crocodile,-16.24,145.38,2022
Saltwater crocodile,-12.45,131.71,2021
Saltwater crocodile,-15.46,128.23,2024
Saltwater crocodile,-12.2,136.8,2021
Saltwater crocodile,-12.74,143.26,2023
Saltwater crocodile,-16.25,145.36,2025
Saltwater crocodile,-12.4,130.7,2021
Saltwater crocodile,-12.45,131.32,2021
Saltwater crocodile,-12.46,131.34,2022
Saltwater crocodile,-12.3,131.0,2021
Saltwater crocodile,-12.62,131.36,2024
Saltwater crocodile,-16.55,145.48,2023
Saltwater crocodile,-12.14,134.21,2024
Saltwater crocodile,-12.45,131.34,2024
Saltwater crocodile,-16.25,145.36,2023
Saltwater crocodile,-12.46,131.34,2024
Saltwater crocodile,-12.44,131.32,2022
Saltwater crocodile,-12.52,131.39,2021
Saltwater crocodile,-12.5,132.82,2023
Saltwater crocodile,-12.59,131.39,2024
Saltwater crocodile,-13.68,130.64,2024
Saltwater crocodile,-12.88,131.2,2021
Saltwater crocodile,-12.7,131.0,2023
Saltwater crocodile,-12.55,131.38,2021
Saltwater crocodile,-12.55,131.38,2021
Saltwater crocodile,-16.26,145.38,2024
Saltwater crocodile,-16.24,145.32,2024
Saltwater crocodile,-16.6,145.5,2021
Saltwater crocodile,-12.26,134.12,2024
Saltwater crocodile,-16.26,145.39,2025
Saltwater crocodile,-12.39,131.74,2023
Saltwater crocodile,-12.27,134.11,2022
Saltwater crocodile,-12.5,131.72,2021
Saltwater crocodile,-15.6,136.3,2021
Saltwater crocodile,-12.32,131.28,2021
Saltwater crocodile,-12.47,131.72,2021
Saltwater crocodile,-12.22,134.13,2024
Saltwater crocodile,-12.7,131.0,2023
Saltwater crocodile,-13.71,130.67,2022
Saltwater crocodile,-12.89,132.52,2025
Saltwater crocodile,-12.37,135.03,2024
Saltwater crocodile,-12.3,131.29,2024
Saltwater crocodile,-12.61,131.38,2022
Saltwater crocodile,-12.71,131.27,2022
Saltwater crocodile,-16.25,145.32,2024
Saltwater crocodile,-12.51,131.39,2024
Saltwater crocodile,-14.81,125.41,2025
Saltwater crocodile,-12.2,136.8,2024
Saltwater crocodile,-12.25,134.67,2022
Saltwater crocodile,-12.27,135.06,2024
Saltwater crocodile,-12.65,131.34,2024
Saltwater crocodile,-12.73,131.28,2023
Saltwater crocodile,-12.7,131.29,2023
Saltwater crocodile,-16.26,145.38,2025
Saltwater crocodile,-12.37,131.29,2023
Saltwater crocodile,-12.46,131.34,2023
Saltwater crocodile,-12.7,131.0,2025
Saltwater crocodile,-12.3,131.1,2025
Saltwater crocodile,-13.6,130.57,2024
Saltwater crocodile,-12.64,131.35,2023
Saltwater crocodile,-12.63,131.66,2023
Saltwater crocodile,-13.5,130.46,2022
Saltwater crocodile,-12.68,131.33,2022
Saltwater crocodile,-12.46,131.71,2021
Saltwater crocodile,-13.49,130.47,2024
Saltwater crocodile,-12.89,132.52,2025
Saltwater crocodile,-12.68,131.32,2024
Saltwater crocodile,-16.26,145.38,2025
Saltwater crocodile,-12.84,131.21,2021
Saltwater crocodile,-12.38,135.01,2022
Saltwater crocodile,-12.52,132.84,2023
Saltwater crocodile,-12.84,131.21,2023
Saltwater crocodile,-12.65,131.34,2023
Saltwater crocodile,-12.58,131.38,2021
Saltwater crocodile,-12.32,131.77,2023
Saltwater crocodile,-16.26,145.38,2025
Saltwater crocodile,-12.94,132.55,2021
Saltwater crocodile,-16.25,145.36,2025
Saltwater crocodile,-12.23,134.66,2022
Saltwater crocodile,-12.54,131.39,2023
Saltwater crocodile,-15.82,131.08,2025
Saltwater crocodile,-12.5,131.0,2024
Saltwater crocodile,-12.45,131.32,2024
Saltwater crocodile,-16.26,145.39,2025
Saltwater crocodile,-12.34,135.0,2024
Saltwater crocodile,-12.42,131.31,2021
Saltwater crocodile,-12.78,131.26,2022
Saltwater crocodile,-12.49,131.37,2021
Saltwater crocodile,-12.44,131.33,2023
Saltwater crocodile,-12.93,131.66,2023
Saltwater crocodile,-12.67,131.33,2022
Saltwater crocodile,-12.45,131.71,2023
Saltwater crocodile,-12.82,131.22,2021
Saltwater crocodile,-13.88,130.78,2021
Saltwater crocodile,-12.55,131.37,2021
Saltwater crocodile,-16.55,145.48,2023
Saltwater crocodile,-12.36,135.02,2024
Saltwater crocodile,-12.6,131.0,2023
Saltwater crocodile,-12.73,131.28,2022
Saltwater crocodile,-12.43,131.32,2021
Saltwater crocodile,-12.65,131.36,2024
Saltwater crocodile,-12.5,131.38,2023
Saltwater crocodile,-12.7,131.29,2023
Saltwater crocodile,-12.91,131.23,2024
Saltwater crocodile,-12.6,130.8,2021
Saltwater crocodile,-12.69,131.3,2021
Saltwater crocodile,-12.53,131.4,2022
Saltwater crocodile,-12.57,131.38,2023
Saltwater crocodile,-12.45,131.71,2021
Saltwater crocodile,-12.15,134.17,2022
Saltwater crocodile,-20.41,148.65,2023
Saltwater crocodile,-12.5,130.8,2025
Saltwater crocodile,-12.72,131.27,2021
Saltwater crocodile,-12.59,131.67,2023
Saltwater crocodile,-16.26,145.39,2022
Saltwater crocodile,-12.2,134.9,2022
Saltwater crocodile,-16.26,145.39,2024
Saltwater crocodile,-12.7,131.28,2022
Saltwater crocodile,-12.7,130.9,2024
Saltwater crocodile,-12.18,134.56,2022
Saltwater crocodile,-15.09,125.26,2025
Saltwater crocodile,-12.46,131.72,2021
Saltwater crocodile,-12.51,131.72,2023
Saltwater crocodile,-12.43,131.31,2023
Saltwater crocodile,-16.55,145.48,2024
Saltwater crocodile,-12.66,131.34,2021
Saltwater crocodile,-12.57,131.38,2023
Saltwater crocodile,-12.55,131.37,2022
Saltwater crocodile,-12.28,131.78,2023
Saltwater crocodile,-12.5,130.9,2024
Saltwater crocodile,-16.25,145.33,2021
Saltwater crocodile,-12.52,131.72,2023
Saltwater crocodile,-14.6,132.0,2022
Saltwater crocodile,-12.44,131.71,2021
Saltwater crocodile,-13.72,136.49,2022
Saltwater crocodile,-16.26,145.38,2023
Saltwater crocodile,-12.34,135.03,2022
Saltwater crocodile,-12.89,132.52,2024
Saltwater crocodile,-16.55,145.48,2024
Saltwater crocodile,-12.3,135.02,2024
Saltwater crocodile,-12.23,134.25,2024
Saltwater crocodile,-12.55,131.37,2022
Saltwater crocodile,-12.69,131.31,2023
Saltwater crocodile,-12.4,131.0,2022
Saltwater crocodile,-12.98,132.57,2023
Saltwater crocodile,-16.24,145.32,2022
Saltwater crocodile,-12.34,135.04,2024
Saltwater crocodile,-16.26,145.39,2025
Saltwater crocodile,-12.46,131.33,2022
Saltwater crocodile,-12.65,131.37,2021
Saltwater crocodile,-12.51,131.39,2021
Saltwater crocodile,-12.46,131.72,2023
Saltwater crocodile,-12.34,135.0,2024
Saltwater crocodile,-12.89,132.52,2025
Saltwater crocodile,-16.31,123.46,2021
Saltwater crocodile,-12.46,131.33,2022
Saltwater crocodile,-18.66,146.14,2022
Saltwater crocodile,-12.81,132.49,2024
Saltwater crocodile,-12.45,131.32,2021
Saltwater crocodile,-13.89,136.44,2022
Saltwater crocodile,-12.91,132.53,2022
Saltwater crocodile,-12.22,134.64,2024
Saltwater crocodile,-16.26,145.39,2025
Saltwater crocodile,-12.61,131.38,2021
Saltwater crocodile,-16.26,145.37,2024
Saltwater crocodile,-12.22,134.26,2024
Saltwater crocodile,-12.68,131.33,2021
Saltwater crocodile,-13.5,130.43,2022
Saltwater crocodile,-16.26,145.38,2025
Saltwater crocodile,-12.5,130.9,2023
Saltwater crocodile,-12.34,135.0,2022
Saltwater crocodile,-12.7,131.0,2022
Saltwater crocodile,-12.44,131.71,2021
Saltwater crocodile,-16.29,137.73,2022
Saltwater crocodile,-12.43,131.72,2023
Saltwater crocodile,-12.38,135.02,2022
Saltwater crocodile,-12.46,131.33,2022
Saltwater crocodile,-12.21,134.14,2024
Saltwater crocodile,-13.92,130.92,2023
Saltwater crocodile,-12.92,131.66,2021
Saltwater crocodile,-12.54,131.38,2024
Saltwater crocodile,-12.36,135.03,2024
Saltwater crocodile,-16.26,145.37,2022
Saltwater crocodile,-12.55,131.38,2024
Saltwater crocodile,-12.77,131.26,2021
Saltwater crocodile,-12.7,131.0,2023
Saltwater crocodile,-12.34,135.02,2024
Saltwater crocodile,-16.25,145.32,2025
Saltwater crocodile,-12.69,131.31,2021
Saltwater crocodile,-12.34,135.0,2024
Saltwater crocodile,-12.46,131.34,2025
Saltwater crocodile,-12.27,135.05,2022
Saltwater crocodile,-12.21,134.64,2024
Saltwater crocodile,-13.46,130.32,2022
Saltwater crocodile,-17.47,140.83,2022
Saltwater crocodile,-12.2,134.63,2024
Saltwater crocodile,-12.36,135.03,2022
Saltwater crocodile,-12.75,131.63,2023
Saltwater crocodile,-12.34,134.99,2024
Saltwater crocodile,-16.26,145.39,2025
Saltwater crocodile,-12.2,134.62,2022
Saltwater crocodile,-12.6,131.3,2025
Saltwater crocodile,-16.25,145.36,2025
Saltwater crocodile,-12.26,134.67,2024
Saltwater crocodile,-12.33,131.27,2022
Saltwater crocodile,-12.26,134.26,2024
Saltwater crocodile,-16.17,145.43,2024
Saltwater crocodile,-12.46,131.72,2023
Saltwater crocodile,-12.19,134.56,2022
Saltwater crocodile,-12.2,134.5,2024
Saltwater crocodile,-14.92,144.19,2021
Saltwater crocodile,-13.63,130.55,2024
Saltwater crocodile,-11.23,132.2,2022
Saltwater crocodile,-12.19,134.61,2024
Saltwater crocodile,-12.67,131.33,2024
Saltwater crocodile,-12.48,131.72,2023
Saltwater crocodile,-12.29,131.78,2023
Saltwater crocodile,-12.46,131.72,2021
Saltwater crocodile,-16.26,145.37,2024
Saltwater crocodile,-16.14,145.44,2023
Saltwater crocodile,-12.46,131.72,2023
Saltwater crocodile,-12.54,132.87,2023
Saltwater crocodile,-14.6,132.0,2021
Saltwater crocodile,-14.7,131.6,2025
Saltwater crocodile,-12.43,132.97,2024
Saltwater crocodile,-20.42,148.65,2021
Saltwater crocodile,-16.24,145.36,2021
Saltwater crocodile,-17.56,140.79,2025
Saltwater crocodile,-12.62,131.37,2022
Saltwater crocodile,-12.66,131.34,2024
Saltwater crocodile,-12.73,131.28,2022
Saltwater crocodile,-12.45,131.34,2021
Saltwater crocodile,-12.22,134.25,2024
Saltwater crocodile,-16.26,145.37,2025
Saltwater crocodile,-12.7,131.1,2024
Saltwater crocodile,-12.13,134.58,2024
Saltwater crocodile,-12.42,131.31,2022
Saltwater crocodile,-12.17,134.57,2022
Saltwater crocodile,-12.47,131.72,2025
Saltwater crocodile,-14.7,131.9,2021
Saltwater crocodile,-16.26,145.34,2024
Saltwater crocodile,-12.9,132.52,2025
Saltwater crocodile,-12.76,131.29,2022
Saltwater crocodile,-12.65,131.37,2021
Saltwater crocodile,-12.65,131.36,2023
Saltwater crocodile,-12.46,131.33,2022
Saltwater crocodile,-12.62,131.66,2023
Saltwater crocodile,-12.7,131.0,2021
Saltwater crocodile,-12.57,131.3,2023
Saltwater crocodile,-12.48,131.72,2021
Saltwater crocodile,-12.2,134.62,2024
Saltwater crocodile,-12.6,131.1,2022
Saltwater crocodile,-12.47,131.72,2022
Saltwater crocodile,-12.68,131.32,2021
Saltwater crocodile,-12.48,131.34,2022
Saltwater crocodile,-12.72,132.53,2023
Saltwater crocodile,-12.13,134.58,2024
Saltwater crocodile,-16.25,145.32,2025
Saltwater crocodile,-10.72,142.45,2025
Saltwater crocodile,-12.51,131.72,2023
Saltwater crocodile,-12.7,131.02,2025
Saltwater crocodile,-16.26,145.36,2024
Saltwater crocodile,-12.68,131.32,2021
Saltwater crocodile,-12.47,132.88,2023
Saltwater crocodile,-12.43,132.97,2023
Saltwater crocodile,-12.46,131.33,2021
Saltwater crocodile,-12.65,131.65,2021
Saltwater crocodile,-16.26,145.38,2024
Saltwater crocodile,-12.65,131.37,2023
Saltwater crocodile,-16.24,145.36,2023
Saltwater crocodile,-12.59,131.38,2021
Saltwater crocodile,-12.68,131.33,2024
Saltwater crocodile,-12.47,131.72,2022
Saltwater crocodile,-12.26,134.12,2022
Saltwater crocodile,-12.63,131.36,2021
Saltwater crocodile,-13.45,130.31,2022
Saltwater crocodile,-16.26,145.37,2022
Saltwater crocodile,-12.19,134.58,2022
Saltwater crocodile,-12.68,131.32,2024
Saltwater crocodile,-12.21,134.13,2024
Saltwater crocodile,-12.74,131.67,2023
Saltwater crocodile,-13.54,130.5,2024
Saltwater crocodile,-12.69,131.31,2021
Saltwater crocodile,-12.4,131.0,2024
Saltwater crocodile,-12.71,131.64,2025
Saltwater crocodile,-12.58,131.39,2021
Saltwater crocodile,-12.77,131.26,2024
Saltwater crocodile,-10.91,142.41,2022
Saltwater crocodile,-12.59,131.67,2021
Saltwater crocodile,-14.86,125.53,2023
Saltwater crocodile,-13.61,130.56,2022
Saltwater crocodile,-12.65,131.35,2021
Saltwater crocodile,-12.68,131.32,2022
Saltwater crocodile,-12.44,131.34,2022
Saltwater crocodile,-12.5,131.0,2023
Saltwater crocodile,-13.93,130.84,2023
Saltwater crocodile,-12.49,131.72,2021
Saltwater crocodile,-13.5,130.43,2024
Saltwater crocodile,-16.14,145.45,2025
Saltwater crocodile,-12.46,131.72,2021
Saltwater crocodile,-12.19,134.58,2022
Saltwater crocodile,-12.33,135.0,2024
Saltwater crocodile,-12.46,131.71,2021
Saltwater crocodile,-16.33,137.46,2025
Saltwater crocodile,-12.21,134.64,2024
Saltwater crocodile,-12.6,131.38,2021
Saltwater crocodile,-12.49,131.72,2021
Saltwater crocodile,-12.65,131.36,2022
Saltwater crocodile,-12.7,131.0,2025
Saltwater crocodile,-12.89,132.51,2025
Saltwater crocodile,-12.45,131.71,2021
Saltwater crocodile,-12.51,131.72,2021
Saltwater crocodile,-12.47,131.34,2023
Saltwater crocodile,-12.89,132.51,2023
Saltwater crocodile,-15.54,128.21,2023
Saltwater crocodile,-12.77,131.26,2021
Saltwater crocodile,-12.27,135.04,2024
Saltwater crocodile,-13.69,130.62,2024
Saltwater crocodile,-16.14,145.44,2025
Saltwater crocodile,-12.57,131.67,2021
Saltwater crocodile,-12.29,135.01,2022
Saltwater crocodile,-16.55,145.48,2025
Saltwater crocodile,-12.3,131.0,2025
Saltwater crocodile,-12.39,131.74,2023
Saltwater crocodile,-12.5,131.0,2022
Saltwater crocodile,-12.58,131.67,2021
Saltwater crocodile,-13.54,130.49,2024
Saltwater crocodile,-12.24,134.25,2024
Saltwater crocodile,-12.43,132.97,2023
Saltwater crocodile,-12.5,131.38,2024
Saltwater crocodile,-12.65,131.35,2023
Saltwater crocodile,-20.42,148.69,2023
Saltwater crocodile,-12.48,131.35,2023
Saltwater crocodile,-12.14,134.21,2024
Saltwater crocodile,-12.49,131.36,2021
Saltwater crocodile,-12.37,131.29,2022
Saltwater crocodile,-12.52,131.39,2023
Saltwater crocodile,-12.5,130.8,2024
Saltwater crocodile,-12.56,132.87,2024
Saltwater crocodile,-12.45,131.34,2024
Saltwater crocodile,-16.26,145.39,2025
Saltwater crocodile,-16.55,145.48,2022
Saltwater crocodile,-12.7,131.0,2023
Saltwater crocodile,-12.21,134.62,2024
Saltwater crocodile,-12.18,134.13,2024
Saltwater crocodile,-12.3,131.1,2025
Saltwater crocodile,-12.26,134.12,2024
Saltwater crocodile,-12.67,131.33,2024
Saltwater crocodile,-12.62,131.66,2021
Saltwater crocodile,-12.16,134.23,2024
Saltwater crocodile,-12.43,132.97,2024
Saltwater crocodile,-16.26,145.39,2025
Saltwater crocodile,-16.24,145.32,2025
Saltwater crocodile,-12.6,130.8,2025
Saltwater crocodile,-12.3,131.1,2024
Saltwater crocodile,-16.18,145.29,2024
Saltwater crocodile,-12.69,131.3,2021
Saltwater crocodile,-12.3,131.1,2022
Saltwater crocodile,-12.55,131.38,2021
Saltwater crocodile,-12.5,130.9,2023
Saltwater crocodile,-12.5,130.9,2025
Saltwater crocodile,-12.72,131.64,2022
Saltwater crocodile,-12.74,131.28,2022
Saltwater crocodile,-12.19,134.52,2022
Saltwater crocodile,-12.44,131.71,2021
Saltwater crocodile,-13.46,130.36,2022
Saltwater crocodile,-11.96,141.95,2024
Saltwater crocodile,-12.63,131.36,2025
Saltwater crocodile,-12.71,131.28,2021
Saltwater crocodile,-12.58,131.39,2025
Saltwater crocodile,-12.56,131.38,2023
Saltwater crocodile,-12.66,131.65,2021
Saltwater crocodile,-12.75,131.28,2021
Saltwater crocodile,-12.74,131.28,2024
Saltwater crocodile,-12.89,132.52,2024
Saltwater crocodile,-12.25,134.67,2022
Saltwater crocodile,-12.5,131.38,2021
Saltwater crocodile,-12.22,134.65,2024
Saltwater crocodile,-12.2,136.8,2021
Saltwater crocodile,-12.62,131.37,2022
Saltwater crocodile,-12.2,134.63,2024
Saltwater crocodile,-12.65,131.35,2022
Saltwater crocodile,-12.48,131.36,2022
Saltwater crocodile,-12.57,131.38,2023
Saltwater crocodile,-12.14,134.59,2024
Saltwater crocodile,-12.6,131.3,2025
Saltwater crocodile,-12.62,131.37,2021
Saltwater crocodile,-16.5,145.45,2023
Saltwater crocodile,-12.5,130.9,2022
Saltwater crocodile,-15.2,125.53,2025
Saltwater crocodile,-12.61,131.38,2024
Saltwater crocodile,-13.49,130.47,2022
Saltwater crocodile,-12.21,134.25,2022
Saltwater crocodile,-12.7,131.0,2024
Saltwater crocodile,-14.7,131.9,2024
Saltwater crocodile,-16.55,145.48,2023
Saltwater crocodile,-12.17,134.23,2024
Saltwater crocodile,-12.43,132.97,2023
Saltwater crocodile,-12.32,135.0,2022
Saltwater crocodile,-12.63,141.86,2021
Saltwater crocodile,-12.7,131.0,2025
Saltwater crocodile,-12.57,131.38,2023
Saltwater crocodile,-12.73,131.27,2021
Saltwater crocodile,-12.77,131.27,2022
Saltwater crocodile,-12.57,132.82,2023
Saltwater crocodile,-12.64,131.36,2021
Saltwater crocodile,-12.67,131.65,2021
Saltwater crocodile,-12.18,134.57,2022
Saltwater crocodile,-12.45,132.94,2023
Saltwater crocodile,-12.69,131.3,2024
Saltwater crocodile,-12.15,134.22,2024
Saltwater crocodile,-12.2,136.8,2021
Saltwater crocodile,-12.3,130.9,2025
Saltwater crocodile,-12.7,130.9,2023
Saltwater crocodile,-12.21,134.64,2022
Saltwater crocodile,-12.23,134.24,2024
Saltwater crocodile,-12.49,131.72,2023
Saltwater crocodile,-13.68,130.61,2022
Saltwater crocodile,-12.39,131.31,2024
Saltwater crocodile,-12.55,131.39,2024
Saltwater crocodile,-12.6,131.37,2021
Saltwater crocodile,-12.13,134.59,2022
Saltwater crocodile,-12.46,131.35,2022
Saltwater crocodile,-20.39,148.64,2022
Saltwater crocodile,-12.42,131.72,2021
Saltwater crocodile,-12.47,131.36,2022
Saltwater crocodile,-12.26,134.12,2022
Saltwater crocodile,-12.2,134.14,2024
Saltwater crocodile,-12.42,131.72,2021
Saltwater crocodile,-12.71,131.64,2021
Saltwater crocodile,-16.18,145.43,2023
Saltwater crocodile,-12.48,131.36,2023
Saltwater crocodile,-12.89,132.51,2023
Saltwater crocodile,-16.26,145.39,2025
Saltwater crocodile,-16.18,145.43,2022
Saltwater crocodile,-12.34,135.0,2024
Saltwater crocodile,-13.5,130.43,2022
Saltwater crocodile,-12.25,134.67,2022
Saltwater crocodile,-12.14,134.59,2024
Saltwater crocodile,-12.52,131.72,2021
Saltwater crocodile,-12.57,131.38,2021
Saltwater crocodile,-18.71,146.3,2023
Saltwater crocodile,-13.38,130.32,2022
Saltwater crocodile,-12.76,131.29,2022
Saltwater crocodile,-12.63,131.36,2022
Saltwater crocodile,-12.68,131.32,2021
Saltwater crocodile,-13.95,130.85,2023
Saltwater crocodile,-15.19,125.57,2023
Saltwater crocodile,-12.34,130.91,2024
Saltwater crocodile,-16.25,145.33,2025
Saltwater crocodile,-12.76,131.29,2022
Saltwater crocodile,-12.46,131.72,2023
Saltwater crocodile,-12.7,131.0,2025
Saltwater crocodile,-12.89,132.51,2023
Saltwater crocodile,-16.14,145.45,2025
Saltwater crocodile,-12.43,131.32,2021
Saltwater crocodile,-12.34,131.78,2021
Saltwater crocodile,-16.26,145.37,2023
Saltwater crocodile,-12.43,131.72,2023
Saltwater crocodile,-12.49,131.36,2021
Saltwater crocodile,-12.66,131.34,2021
Saltwater crocodile,-12.3,130.9,2024
Saltwater crocodile,-12.31,131.77,2023
Saltwater crocodile,-12.78,131.25,2021
Saltwater crocodile,-12.68,131.65,2024
Saltwater crocodile,-12.34,135.02,2022
Saltwater crocodile,-16.55,145.48,2024
Saltwater crocodile,-12.61,131.38,2021
Saltwater crocodile,-13.82,130.72,2021
Saltwater crocodile,-12.6,131.0,2023
Saltwater crocodile,-12.6,130.8,2024
Saltwater crocodile,-12.26,134.26,2022
Saltwater crocodile,-12.57,131.38,2024
Saltwater crocodile,-12.35,131.77,2021
Saltwater crocodile,-16.26,145.39,2025
Saltwater crocodile,-12.71,131.64,2025
Saltwater crocodile,-12.7,131.0,2021
Saltwater crocodile,-12.31,131.28,2023
Saltwater crocodile,-12.46,131.34,2022
Saltwater crocodile,-13.9,131.22,2021
Saltwater crocodile,-12.6,131.3,2021
Saltwater crocodile,-12.5,131.72,2021
Saltwater crocodile,-13.46,130.37,2024
Saltwater crocodile,-12.67,131.33,2021
Saltwater crocodile,-12.59,131.38,2023
Saltwater crocodile,-12.49,131.36,2023
Saltwater crocodile,-12.57,131.38,2022
Saltwater crocodile,-12.89,132.51,2025
Saltwater crocodile,-12.71,131.64,2021
Saltwater crocodile,-12.48,131.35,2021
Saltwater crocodile,-12.7,131.28,2022
Saltwater crocodile,-12.45,131.71,2021
Saltwater crocodile,-12.43,131.32,2021
Saltwater crocodile,-12.5,130.8,2024
Saltwater crocodile,-14.88,125.57,2025
Saltwater crocodile,-12.9,132.52,2023
Saltwater crocodile,-12.51,131.38,2024
Saltwater crocodile,-13.47,130.33,2022
Saltwater crocodile,-12.99,132.46,2024
Saltwater crocodile,-12.22,134.65,2022
Saltwater crocodile,-12.8,131.22,2021
Saltwater crocodile,-12.59,131.39,2024
Saltwater crocodile,-12.47,131.36,2021
Saltwater crocodile,-19.34,146.7,2022
Saltwater crocodile,-11.21,132.19,2022
Saltwater crocodile,-12.55,131.3,2023
Saltwater crocodile,-12.26,131.28,2023
Saltwater crocodile,-13.54,130.49,2022
Saltwater crocodile,-12.7,131.0,2025
Saltwater crocodile,-12.89,132.51,2024
Saltwater crocodile,-12.65,131.36,2021
Saltwater crocodile,-12.74,131.28,2023
Saltwater crocodile,-12.14,134.2,2024
Saltwater crocodile,-13.47,130.34,2024
Saltwater crocodile,-12.49,131.36,2024
Saltwater crocodile,-12.29,131.78,2023
Saltwater crocodile,-12.49,131.37,2023
Saltwater crocodile,-12.64,131.37,2023
Saltwater crocodile,-12.65,131.37,2024
Saltwater crocodile,-13.4,130.31,2022
Saltwater crocodile,-14.07,131.25,2023
Saltwater crocodile,-12.5,131.72,2021
Saltwater crocodile,-17.48,140.84,2023
Saltwater crocodile,-12.48,131.37,2021
Saltwater crocodile,-12.64,131.36,2024
Saltwater crocodile,-16.1,145.46,2023
Saltwater crocodile,-12.31,135.0,2024
Saltwater crocodile,-13.51,130.43,2022
Saltwater crocodile,-12.65,131.37,2021
Saltwater crocodile,-12.4,131.0,2024
Saltwater crocodile,-12.51,131.38,2022
Saltwater crocodile,-12.48,131.34,2022
Saltwater crocodile,-16.26,145.37,2025
Saltwater crocodile,-13.68,130.58,2022
Saltwater crocodile,-12.37,135.03,2024
Saltwater crocodile,-12.5,130.8,2021
Saltwater crocodile,-16.22,123.86,2021
Saltwater crocodile,-16.26,145.39,2025
Saltwater crocodile,-12.7,131.27,2024
Saltwater crocodile,-12.83,131.21,2024
Saltwater crocodile,-12.34,131.77,2023
Saltwater crocodile,-12.34,135.02,2024
Saltwater crocodile,-12.7,131.0,2021
Saltwater crocodile,-12.64,131.35,2022
Saltwater crocodile,-12.42,131.72,2021
Saltwater crocodile,-12.5,131.0,2022
Saltwater crocodile,-12.22,134.64,2024
Saltwater crocodile,-12.49,131.72,2021
Saltwater crocodile,-16.26,145.37,2022
Saltwater crocodile,-13.49,130.41,2024
Saltwater crocodile,-12.84,131.21,2022
Saltwater crocodile,-12.46,131.72,2021
Saltwater crocodile,-12.5,130.9,2023
Saltwater crocodile,-12.5,131.38,2021
Saltwater crocodile,-13.0,132.55,2023
Saltwater crocodile,-12.71,131.64,2023
Saltwater crocodile,-12.89,132.51,2025
Saltwater crocodile,-12.41,131.73,2021
Saltwater crocodile,-12.86,131.21,2024
Saltwater crocodile,-12.64,131.36,2021
Saltwater crocodile,-13.51,130.43,2024
Saltwater crocodile,-13.78,130.72,2021
Saltwater crocodile,-12.3,131.1,2023
Saltwater crocodile,-12.3,135.0,2024
Saltwater crocodile,-12.59,131.38,2022
Saltwater crocodile,-12.65,131.35,2023
Saltwater crocodile,-12.5,130.8,2024
Saltwater crocodile,-13.8,130.72,2023
Saltwater crocodile,-12.49,131.72,2021
Saltwater crocodile,-12.7,131.65,2021
Saltwater crocodile,-12.77,131.26,2022
Saltwater crocodile,-12.51,131.72,2023
Saltwater crocodile,-16.26,145.37,2022
Saltwater crocodile,-12.6,131.0,2022
Saltwater crocodile,-12.4,130.7,2024
Saltwater crocodile,-12.63,131.36,2024
Saltwater crocodile,-13.63,130.56,2022
Saltwater crocodile,-12.32,131.78,2023
Saltwater crocodile,-16.3,145.4,2023
Saltwater crocodile,-16.26,145.38,2025
Saltwater crocodile,-12.3,130.9,2022
Saltwater crocodile,-16.26,145.37,2024
Saltwater crocodile,-12.63,131.36,2021
Saltwater crocodile,-12.7,131.0,2021
Saltwater crocodile,-12.5,130.9,2022
Saltwater crocodile,-12.65,131.34,2025
Saltwater crocodile,-12.43,132.97,2023
Saltwater crocodile,-12.3,135.03,2024
Saltwater crocodile,-16.25,145.36,2022
Saltwater crocodile,-16.55,145.48,2023
Saltwater crocodile,-16.26,145.37,2025
Saltwater crocodile,-14.79,145.02,2025
Saltwater crocodile,-12.68,131.32,2023
Saltwater crocodile,-12.46,131.34,2024
Saltwater crocodile,-12.38,131.3,2024
Saltwater crocodile,-12.23,134.66,2024
Saltwater crocodile,-12.76,131.62,2021
Saltwater crocodile,-12.33,134.99,2022
Saltwater crocodile,-19.3,146.78,2024
Saltwater crocodile,-12.29,131.29,2023
Saltwater crocodile,-12.45,131.34,2024
Saltwater crocodile,-12.62,131.37,2023
Saltwater crocodile,-12.42,131.72,2023
Saltwater crocodile,-13.5,130.46,2024
Saltwater crocodile,-12.2,136.8,2023
Saltwater crocodile,-12.69,131.3,2021
Saltwater crocodile,-12.3,131.0,2025
Saltwater crocodile,-12.47,131.36,2023
Saltwater crocodile,-12.77,131.27,2022
Saltwater crocodile,-12.57,131.67,2023
Saltwater crocodile,-12.43,131.33,2021
Saltwater crocodile,-12.44,131.32,2021
Saltwater crocodile,-16.26,145.37,2023
Saltwater crocodile,-16.26,145.38,2025
Saltwater crocodile,-12.2,134.13,2022
Saltwater crocodile,-13.68,130.66,2022
Saltwater crocodile,-16.26,145.39,2023
Saltwater crocodile,-12.46,131.34,2023
Saltwater crocodile,-16.26,145.39,2025
Saltwater crocodile,-12.22,134.13,2024
Saltwater crocodile,-12.4,131.0,2022
Saltwater crocodile,-12.47,131.72,2023
Saltwater crocodile,-12.6,131.0,2023
Saltwater crocodile,-12.4,131.0,2022
Saltwater crocodile,-12.6,130.9,2021
Saltwater crocodile,-12.19,134.61,2024
Saltwater crocodile,-12.41,131.73,2021
Saltwater crocodile,-12.78,131.26,2021
Saltwater crocodile,-12.64,131.36,2021
Saltwater crocodile,-12.75,131.28,2024
Saltwater crocodile,-12.82,132.57,2023
Saltwater crocodile,-12.65,131.34,2023
Saltwater crocodile,-12.33,131.78,2021
Saltwater crocodile,-12.68,131.32,2024
Saltwater crocodile,-12.19,134.56,2022
Saltwater crocodile,-12.65,131.65,2025
Saltwater crocodile,-12.64,131.35,2021
Saltwater crocodile,-12.23,134.66,2024
Saltwater crocodile,-12.34,130.91,2024
Saltwater crocodile,-16.18,145.29,2021
Saltwater crocodile,-16.26,145.38,2024
Saltwater crocodile,-12.33,131.28,2021
Saltwater crocodile,-12.5,130.9,2022
Saltwater crocodile,-12.26,134.11,2022
Saltwater crocodile,-12.26,134.26,2022
Saltwater crocodile,-12.4,131.31,2022
Saltwater crocodile,-12.23,134.66,2022
Saltwater crocodile,-12.36,131.78,2023
Saltwater crocodile,-12.34,135.02,2024
Saltwater crocodile,-12.62,131.37,2023
Saltwater crocodile,-12.37,131.29,2021
Saltwater crocodile,-12.3,131.0,2024
Saltwater crocodile,-12.7,143.3,2022
Saltwater crocodile,-12.72,131.28,2022
Saltwater crocodile,-12.49,131.36,2024
Saltwater crocodile,-12.78,131.24,2022
Saltwater crocodile,-12.55,131.38,2023
Saltwater crocodile,-12.65,131.34,2021
Saltwater crocodile,-12.7,131.1,2022
Saltwater crocodile,-13.68,130.59,2024
Saltwater crocodile,-12.91,131.65,2021
Saltwater crocodile,-12.2,134.14,2024
Saltwater crocodile,-12.89,132.52,2025
Saltwater crocodile,-12.38,131.32,2022
Saltwater crocodile,-12.69,131.33,2022
Saltwater crocodile,-12.51,131.72,2023
Saltwater crocodile,-12.6,131.3,2021
Saltwater crocodile,-12.88,132.51,2021
Saltwater crocodile,-12.47,131.72,2022
Saltwater crocodile,-12.56,131.39,2021
Saltwater crocodile,-12.45,131.71,2021
Saltwater crocodile,-13.58,130.52,2024
Saltwater crocodile,-16.24,145.32,2022
Saltwater crocodile,-12.76,131.29,2022
Saltwater crocodile,-16.26,145.34,2024
Saltwater crocodile,-12.45,131.34,2022
Saltwater crocodile,-13.68,130.61,2022
Saltwater crocodile,-12.93,131.67,2021
Saltwater crocodile,-12.65,131.34,2023
Saltwater crocodile,-12.93,132.58,2024
Saltwater crocodile,-13.67,130.66,2024
Saltwater crocodile,-12.3,130.9,2023
Saltwater crocodile,-12.64,131.35,2024
Saltwater crocodile,-12.75,131.28,2021
Saltwater crocodile,-12.8,131.23,2022
Saltwater crocodile,-12.65,131.34,2022
Saltwater crocodile,-12.3,131.1,2024
Saltwater crocodile,-16.26,145.39,2025
Saltwater crocodile,-12.89,132.51,2025
Saltwater crocodile,-12.69,131.33,2022
Saltwater crocodile,-12.6,131.37,2021
Saltwater crocodile,-12.45,131.33,2023
Saltwater crocodile,-12.47,131.72,2023
Saltwater crocodile,-12.19,134.55,2024
Saltwater crocodile,-12.27,134.68,2024
Saltwater crocodile,-12.48,131.37,2024
Saltwater crocodile,-12.48,131.37,2021
Saltwater crocodile,-13.5,130.46,2022
Saltwater crocodile,-12.26,134.67,2024
Saltwater crocodile,-12.95,132.49,2024
Saltwater crocodile,-12.29,135.02,2022
Saltwater crocodile,-12.4,131.0,2024
Saltwater crocodile,-12.71,131.27,2021
Saltwater crocodile,-16.26,145.38,2023
Saltwater crocodile,-16.26,145.37,2024
Saltwater crocodile,-16.25,145.34,2025
Saltwater crocodile,-12.88,132.53,2021
Saltwater crocodile,-15.05,125.44,2023
Saltwater crocodile,-12.19,134.13,2024
Saltwater crocodile,-12.68,131.65,2021
Saltwater crocodile,-12.65,131.37,2023
Saltwater crocodile,-12.4,131.1,2021
Saltwater crocodile,-15.79,128.17,2023
Saltwater crocodile,-12.5,130.9,2022
Saltwater crocodile,-12.18,134.13,2024
Saltwater crocodile,-16.3,145.4,2024
Saltwater crocodile,-12.33,134.99,2022
Saltwater crocodile,-12.7,131.0,2025
Saltwater crocodile,-12.44,131.32,2021
Saltwater crocodile,-12.7,130.9,2022
Saltwater crocodile,-12.45,132.93,2023
Saltwater crocodile,-12.41,131.31,2024
Saltwater crocodile,-13.79,130.71,2023
Saltwater crocodile,-12.64,131.37,2022
Saltwater crocodile,-12.57,131.38,2022
Saltwater crocodile,-12.38,131.75,2021
Saltwater crocodile,-12.47,131.72,2023
Saltwater crocodile,-12.78,131.26,2024
Saltwater crocodile,-12.17,134.58,2024
Saltwater crocodile,-12.43,131.72,2021
Saltwater crocodile,-12.5,130.9,2021
Saltwater crocodile,-12.18,134.61,2022
Saltwater crocodile,-16.26,145.38,2025
Saltwater crocodile,-16.25,145.35,2025
Saltwater crocodile,-17.66,123.54,2025
Saltwater crocodile,-12.89,132.51,2024
Saltwater crocodile,-12.13,134.59,2024
Saltwater crocodile,-12.7,131.0,2023
Saltwater crocodile,-16.26,145.38,2024
Saltwater crocodile,-12.49,131.72,2021
Saltwater crocodile,-12.64,131.36,2021
Saltwater crocodile,-12.22,134.26,2024
Saltwater crocodile,-16.26,145.39,2025
Saltwater crocodile,-12.78,131.24,2021
Saltwater crocodile,-12.35,131.78,2021
Saltwater crocodile,-12.43,131.31,2021
Saltwater crocodile,-12.6,131.3,2025
Saltwater crocodile,-12.42,131.31,2023
Saltwater crocodile,-12.59,131.67,2023
Saltwater crocodile,-12.65,131.36,2022
Saltwater crocodile,-12.82,131.21,2021
Saltwater crocodile,-13.8,131.4,2022
Saltwater crocodile,-12.64,131.35,2025
Saltwater crocodile,-13.47,130.44,2024
Saltwater crocodile,-12.18,134.25,2022
Saltwater crocodile,-12.6,131.37,2022
Saltwater crocodile,-12.7,131.0,2022
Saltwater crocodile,-12.4,131.0,2021
Saltwater crocodile,-12.43,131.72,2023
Saltwater crocodile,-16.26,145.38,2025
Saltwater crocodile,-12.24,134.24,2024
Saltwater crocodile,-12.59,131.67,2023
Saltwater crocodile,-16.26,145.39,2025
Saltwater crocodile,-12.33,135.03,2022
Saltwater crocodile,-12.72,131.27,2024
Saltwater crocodile,-16.26,145.37,2025
Saltwater crocodile,-13.86,136.82,2022
Saltwater crocodile,-12.37,135.03,2022
Saltwater crocodile,-12.48,131.72,2023
Saltwater crocodile,-12.62,131.66,2023
Saltwater crocodile,-12.6,131.3,2024
Saltwater crocodile,-12.71,131.66,2025
Saltwater crocodile,-13.1,131.0,2023
Saltwater crocodile,-12.26,134.11,2024
Saltwater crocodile,-16.31,145.46,2024
Saltwater crocodile,-12.72,131.64,2021
Saltwater crocodile,-12.19,134.14,2024
Saltwater crocodile,-12.48,132.97,2024
Saltwater crocodile,-12.43,132.97,2023
Saltwater crocodile,-12.17,134.57,2024
Saltwater crocodile,-16.26,145.38,2025
Saltwater crocodile,-12.69,131.3,2023
Saltwater crocodile,-12.69,131.31,2021
Saltwater crocodile,-12.3,130.9,2023
Saltwater crocodile,-12.73,131.28,2021
Saltwater crocodile,-12.84,132.42,2023
Saltwater crocodile,-16.18,145.29,2024
Saltwater crocodile,-12.3,130.9,2022
Saltwater crocodile,-12.41,131.73,2021
Saltwater crocodile,-12.14,134.2,2024
Saltwater crocodile,-16.25,145.34,2021
Saltwater crocodile,-12.38,131.3,2023
Saltwater crocodile,-16.26,145.38,2025
Saltwater crocodile,-12.65,131.36,2024
Saltwater crocodile,-12.6,130.8,2022
Saltwater crocodile,-12.19,134.52,2024
Saltwater crocodile,-12.68,131.32,2024
Saltwater crocodile,-12.7,131.28,2021
Saltwater crocodile,-16.26,145.38,2022
Saltwater crocodile,-12.69,131.64,2021
Saltwater crocodile,-12.1,134.6,2024
Saltwater crocodile,-12.47,131.72,2023
Saltwater crocodile,-12.12,134.59,2022
Saltwater crocodile,-12.29,135.02,2022
Saltwater crocodile,-13.85,130.73,2021
Saltwater crocodile,-12.43,131.32,2022
Saltwater crocodile,-16.26,145.37,2025
Saltwater crocodile,-12.52,131.39,2022
Saltwater crocodile,-12.19,134.55,2024
Saltwater crocodile,-12.2,134.5,2024
Saltwater crocodile,-12.4,131.0,2024
Saltwater crocodile,-12.39,131.74,2023
Saltwater crocodile,-16.26,145.39,2024
Saltwater crocodile,-12.77,131.25,2024
Saltwater crocodile,-12.46,131.72,2023
Saltwater crocodile,-13.46,130.35,2022
Saltwater crocodile,-12.77,131.27,2021
Saltwater crocodile,-12.26,134.67,2022
Saltwater crocodile,-12.5,130.9,2021
Saltwater crocodile,-16.26,145.37,2021
Saltwater crocodile,-16.25,145.34,2024
Saltwater crocodile,-16.26,145.37,2025
Saltwater crocodile,-15.78,125.38,2025
Saltwater crocodile,-12.71,131.64,2023
Saltwater crocodile,-12.65,131.37,2023
Saltwater crocodile,-13.5,130.46,2022
Saltwater crocodile,-12.3,135.04,2022
Saltwater crocodile,-12.46,131.35,2021
Saltwater crocodile,-12.28,131.78,2021
Saltwater crocodile,-12.3,130.9,2023
Saltwater crocodile,-12.45,131.32,2022
Saltwater crocodile,-12.8,131.6,2024
Saltwater crocodile,-12.5,130.9,2022
Saltwater crocodile,-13.5,130.47,2024
Saltwater crocodile,-12.55,132.85,2023
Saltwater crocodile,-12.19,134.57,2022
Saltwater crocodile,-12.26,134.67,2022
Saltwater crocodile,-12.43,131.3,2021
Saltwater crocodile,-12.89,132.52,2024
Saltwater crocodile,-13.92,130.84,2021
Saltwater crocodile,-12.5,131.38,2024
Saltwater crocodile,-12.34,135.04,2024
Saltwater crocodile,-12.56,131.38,2024
Saltwater crocodile,-12.65,131.36,2024
Saltwater crocodile,-12.5,130.9,2023
Saltwater crocodile,-16.26,145.39,2025
Saltwater crocodile,-12.43,132.97,2025
Saltwater crocodile,-12.58,131.38,2022
Saltwater crocodile,-12.28,135.05,2024
Saltwater crocodile,-12.68,131.33,2024
Saltwater crocodile,-12.35,131.28,2024
Saltwater crocodile,-13.68,130.58,2022
Saltwater crocodile,-12.15,134.12,2022
Saltwater crocodile,-12.55,131.38,2023
Saltwater crocodile,-17.77,123.48,2022
Saltwater crocodile,-16.18,145.44,2025
Saltwater crocodile,-12.3,135.02,2022
Saltwater crocodile,-12.42,131.72,2021
Saltwater crocodile,-12.55,131.38,2022
Saltwater crocodile,-12.46,131.35,2023
Saltwater crocodile,-12.17,134.59,2024
Saltwater crocodile,-12.2,134.9,2022
Saltwater crocodile,-12.36,135.02,2024
Saltwater crocodile,-12.48,131.36,2021
Saltwater crocodile,-12.3,131.78,2021
Saltwater crocodile,-12.65,131.34,2022
Saltwater crocodile,-12.64,131.36,2022
Saltwater crocodile,-12.59,131.38,2022
Saltwater crocodile,-16.25,145.32,2025
Saltwater crocodile,-12.51,131.72,2023
Saltwater crocodile,-12.88,131.2,2023
Saltwater crocodile,-12.2,134.13,2024
Saltwater crocodile,-12.14,134.2,2024
Saltwater crocodile,-12.44,131.71,2023
Saltwater crocodile,-12.65,131.34,2024
Saltwater crocodile,-12.67,131.33,2023
Saltwater crocodile,-12.6,130.8,2023
Saltwater crocodile,-12.69,131.65,2021
Saltwater crocodile,-12.66,131.34,2023
Saltwater crocodile,-12.45,131.34,2022
Saltwater crocodile,-12.7,131.0,2025
Saltwater crocodile,-16.26,145.34,2024
Saltwater crocodile,-12.27,135.05,2024
Saltwater crocodile,-13.5,130.46,2022
Saltwater crocodile,-12.5,131.0,2024
Saltwater crocodile,-12.6,131.0,2021
Saltwater crocodile,-12.65,131.36,2023
Saltwater crocodile,-12.69,131.29,2023
Saltwater crocodile,-12.63,131.36,2022
Saltwater crocodile,-12.43,132.97,2024
Saltwater crocodile,-12.26,134.11,2022
Saltwater crocodile,-12.4,131.1,2023
Saltwater crocodile,-16.08,145.47,2025
Saltwater crocodile,-12.64,131.36,2025
Saltwater crocodile,-12.89,132.51,2025
Saltwater crocodile,-12.59,131.38,2024
Saltwater crocodile,-12.6,130.8,2023
Saltwater crocodile,-12.49,131.36,2021
Saltwater crocodile,-12.62,131.37,2022
Saltwater crocodile,-13.6,130.53,2024
Saltwater crocodile,-12.41,131.72,2021
Saltwater crocodile,-12.19,134.13,2024
Saltwater crocodile,-12.55,131.38,2023
Saltwater crocodile,-14.7,132.0,2021
Saltwater crocodile,-12.4,131.1,2021
Saltwater crocodile,-12.42,131.3,2022
Saltwater crocodile,-13.5,130.46,2022
Saltwater crocodile,-12.5,130.9,2021
Saltwater crocodile,-12.4,131.31,2021
Saltwater crocodile,-16.26,145.39,2023
Saltwater crocodile,-12.54,131.39,2024
Saltwater crocodile,-12.58,131.39,2023
Saltwater crocodile,-16.24,145.32,2024
Saltwater crocodile,-12.54,131.39,2021
Saltwater crocodile,-11.35,132.12,2022
Saltwater crocodile,-12.7,130.9,2022
Saltwater crocodile,-13.73,130.69,2024
Saltwater crocodile,-12.7,131.0,2024
Saltwater crocodile,-12.2,134.51,2022
Saltwater crocodile,-12.4,131.0,2023
Saltwater crocodile,-12.79,131.23,2024
Saltwater crocodile,-12.4,131.0,2022
Saltwater crocodile,-12.43,132.97,2023
Saltwater crocodile,-12.4,131.0,2021
Saltwater crocodile,-12.82,131.22,2023
Saltwater crocodile,-12.4,131.31,2023
Saltwater crocodile,-12.22,134.65,2022
Saltwater crocodile,-12.14,134.18,2024
Saltwater crocodile,-12.7,131.0,2023
Saltwater crocodile,-12.53,131.4,2022
Saltwater crocodile,-12.52,131.39,2021
Saltwater crocodile,-12.65,131.34,2024
Saltwater crocodile,-12.76,131.27,2023
Saltwater crocodile,-12.89,132.51,2025
Saltwater crocodile,-12.57,131.38,2023
Saltwater crocodile,-12.55,131.38,2024
Saltwater crocodile,-12.79,131.23,2023
Saltwater crocodile,-12.71,131.64,2023
Saltwater crocodile,-12.3,130.9,2022
Saltwater crocodile,-13.83,130.73,2023
Saltwater crocodile,-12.48,131.71,2021
Saltwater crocodile,-12.23,134.67,2024
Saltwater crocodile,-16.24,145.36,2024
Saltwater crocodile,-16.26,145.38,2025
Saltwater crocodile,-12.44,131.71,2021
Saltwater crocodile,-12.19,134.53,2024
Saltwater crocodile,-12.4,131.0,2025
Saltwater crocodile,-16.26,145.38,2025
Saltwater crocodile,-12.33,135.04,2024
Saltwater crocodile,-12.47,131.35,2024
Saltwater crocodile,-12.59,131.38,2021
Saltwater crocodile,-12.59,131.38,2021
Saltwater crocodile,-13.8,131.4,2024
Saltwater crocodile,-12.7,130.9,2022
Saltwater crocodile,-12.58,131.39,2021
Saltwater crocodile,-12.5,131.1,2022
Saltwater crocodile,-12.2,134.62,2024
Saltwater crocodile,-16.26,145.38,2025
Saltwater crocodile,-13.61,130.56,2022
Saltwater crocodile,-12.3,131.0,2021
Saltwater crocodile,-12.41,131.73,2021
Saltwater crocodile,-12.73,131.65,2023
Saltwater crocodile,-12.7,131.33,2022
Saltwater crocodile,-13.89,130.78,2023
Saltwater crocodile,-17.51,146.07,2024
Saltwater crocodile,-12.3,131.0,2021
Saltwater crocodile,-12.22,134.25,2022
Saltwater crocodile,-12.63,131.66,2023
Saltwater crocodile,-12.77,131.26,2021
Saltwater crocodile,-12.93,131.67,2021
Saltwater crocodile,-12.7,130.9,2022
Saltwater crocodile,-12.51,131.34,2023
Saltwater crocodile,-12.51,131.72,2023
Saltwater crocodile,-16.24,145.33,2023
Saltwater crocodile,-12.19,134.56,2022
Saltwater crocodile,-12.6,130.9,2022
Saltwater crocodile,-12.44,131.33,2023
Saltwater crocodile,-16.26,145.36,2024
Saltwater crocodile,-12.3,131.1,2022
Saltwater crocodile,-12.91,132.52,2024
Saltwater crocodile,-12.72,131.27,2024
Saltwater crocodile,-12.3,130.9,2021
Saltwater crocodile,-12.46,131.71,2021
Saltwater crocodile,-12.25,134.67,2024
Saltwater crocodile,-12.77,131.26,2022
Saltwater crocodile,-12.51,131.72,2023
Saltwater crocodile,-20.42,148.65,2022
Saltwater crocodile,-12.61,131.38,2024
Saltwater crocodile,-16.26,145.37,2025
Saltwater crocodile,-12.44,131.71,2023
Saltwater crocodile,-12.47,131.72,2023
Saltwater crocodile,-12.45,131.71,2021
Saltwater crocodile,-16.55,145.48,2021
Saltwater crocodile,-13.73,130.69,2022
Saltwater crocodile,-16.15,145.41,2023
Saltwater crocodile,-12.97,132.53,2024
Saltwater crocodile,-12.33,134.99,2022
Saltwater crocodile,-12.29,135.02,2024
Saltwater crocodile,-12.15,134.59,2024
Saltwater crocodile,-12.4,130.9,2023
Saltwater crocodile,-16.25,145.36,2021
Saltwater crocodile,-16.25,145.35,2025
Saltwater crocodile,-12.65,131.37,2021
Saltwater crocodile,-12.74,131.28,2024
Saltwater crocodile,-12.45,131.34,2024
Saltwater crocodile,-12.49,131.36,2021
Saltwater crocodile,-12.7,131.0,2024
Saltwater crocodile,-12.27,134.26,2022
Saltwater crocodile,-12.89,132.52,2025
Saltwater crocodile,-12.63,131.36,2021
Saltwater crocodile,-12.36,135.02,2024
Saltwater crocodile,-12.34,135.03,2022
Saltwater crocodile,-12.66,131.65,2023
Saltwater crocodile,-12.39,131.32,2023
Saltwater crocodile,-12.2,134.25,2024
Saltwater crocodile,-12.25,134.13,2022
Saltwater crocodile,-12.43,132.97,2024
Saltwater crocodile,-12.44,131.71,2023
Saltwater crocodile,-12.54,131.39,2023
Saltwater crocodile,-12.58,131.39,2023
Saltwater crocodile,-12.66,131.34,2021
Saltwater crocodile,-12.71,131.64,2025
Saltwater crocodile,-12.19,134.58,2024
Saltwater crocodile,-15.37,129.75,2023
Saltwater crocodile,-12.46,131.71,2023
Saltwater crocodile,-13.51,130.47,2024
Saltwater crocodile,-12.4,131.0,2024
Saltwater crocodile,-13.5,130.43,2022
Saltwater crocodile,-14.82,125.45,2025
Saltwater crocodile,-16.9,122.12,2023
Saltwater crocodile,-12.3,131.1,2024
Saltwater crocodile,-12.39,131.33,2024
Saltwater crocodile,-12.78,131.26,2021
Saltwater crocodile,-12.32,134.99,2022
Saltwater crocodile,-12.64,131.35,2025
Saltwater crocodile,-12.6,131.3,2021
Saltwater crocodile,-12.28,134.26,2024
Saltwater crocodile,-13.0,132.44,2024
Saltwater crocodile,-12.39,131.31,2024
Saltwater crocodile,-12.2,136.8,2023
Saltwater crocodile,-13.22,131.12,2024
Saltwater crocodile,-12.65,131.35,2023
Saltwater crocodile,-12.17,134.23,2022
Saltwater crocodile,-12.7,131.28,2024
Saltwater crocodile,-12.43,132.97,2025
Saltwater crocodile,-12.64,131.37,2021
Saltwater crocodile,-12.54,131.39,2021
Saltwater crocodile,-12.7,131.0,2024
Saltwater crocodile,-12.9,132.52,2023
Saltwater crocodile,-13.61,130.56,2022
Saltwater crocodile,-12.63,131.36,2021
Saltwater crocodile,-12.43,132.97,2023
Saltwater crocodile,-12.5,130.9,2021
Saltwater crocodile,-12.27,131.78,2021
Saltwater crocodile,-12.86,131.2,2021
Saltwater crocodile,-12.15,134.17,2022
Saltwater crocodile,-14.3,131.9,2021
Saltwater crocodile,-12.31,135.0,2024
Saltwater crocodile,-16.47,145.56,2022
Saltwater crocodile,-12.4,131.1,2021
Saltwater crocodile,-16.26,145.37,2021
Saltwater crocodile,-12.55,131.39,2022
Saltwater crocodile,-12.18,134.6,2024
Saltwater crocodile,-12.84,131.21,2022
Saltwater crocodile,-12.19,134.52,2022
Saltwater crocodile,-12.49,131.72,2023
Saltwater crocodile,-12.59,131.38,2021
Saltwater crocodile,-12.7,131.0,2022
Saltwater crocodile,-14.92,144.2,2022
Saltwater crocodile,-13.51,130.42,2022
Saltwater crocodile,-12.27,135.05,2024
Saltwater crocodile,-12.89,132.51,2025
Saltwater crocodile,-12.7,131.29,2023
Saltwater crocodile,-16.26,145.37,2023
Saltwater crocodile,-12.69,131.31,2021
Saltwater crocodile,-12.32,135.0,2024
Saltwater crocodile,-12.68,131.32,2023
Saltwater crocodile,-12.81,131.22,2022
Saltwater crocodile,-12.3,130.9,2024
Saltwater crocodile,-13.46,130.35,2022
Saltwater crocodile,-12.47,131.72,2023
Saltwater crocodile,-12.57,131.38,2024
Saltwater crocodile,-12.49,131.38,2021
Saltwater crocodile,-12.74,131.63,2023
Saltwater crocodile,-14.5,132.2,2024
Saltwater crocodile,-12.6,131.1,2024
Platypus,-26.63,152.95,2025
Platypus,-37.68,144.42,2024
Platypus,-27.49,152.89,2023
Platypus,-17.27,145.58,2024
Platypus,-37.73,145.16,2023
Platypus,-37.75,142.02,2022
Platypus,-35.37,149.24,2024
Platypus,-38.14,144.31,2023
Platypus,-37.73,144.85,2025
Platypus,-33.75,150.33,2025
Platypus,-42.69,146.72,2024
Platypus,-41.35,146.42,2023
Platypus,-36.17,149.09,2023
Platypus,-33.82,150.03,2023
Platypus,-26.76,152.86,2021
Platypus,-36.15,146.88,2024
Platypus,-17.27,145.58,2025
Platypus,-41.58,147.18,2024
Platypus,-26.76,152.85,2022
Platypus,-29.59,152.03,2023
Platypus,-36.68,149.83,2025
Platypus,-26.69,152.68,2023
Platypus,-35.31,149.17,2024
Platypus,-17.27,145.58,2025
Platypus,-34.53,150.4,2022
Platypus,-37.81,144.12,2022
Platypus,-33.88,150.19,2023
Platypus,-21.17,148.5,2025
Platypus,-36.17,148.66,2025
Platypus,-26.76,152.86,2022
Platypus,-24.95,152.22,2022
Platypus,-17.27,145.58,2024
Platypus,-17.27,145.58,2023
Platypus,-29.59,152.03,2024
Platypus,-36.67,149.89,2021
Platypus,-41.59,145.94,2021
Platypus,-21.2,148.53,2023
Platypus,-17.19,145.63,2022
Platypus,-37.72,143.89,2025
Platypus,-37.93,141.28,2025
Platypus,-37.75,148.65,2023
Platypus,-36.44,148.63,2024
Platypus,-34.73,149.82,2022
Platypus,-27.33,152.98,2022
Platypus,-26.67,152.96,2025
Platypus,-38.55,143.76,2025
Platypus,-17.27,145.58,2023
Platypus,-36.32,148.5,2025
Platypus,-35.52,149.93,2024
Platypus,-37.7,145.11,2024
Platypus,-27.51,152.93,2023
Platypus,-36.79,145.14,2023
Platypus,-26.76,152.85,2024
Platypus,-41.41,145.98,2022
Platypus,-36.48,148.78,2021
Platypus,-26.62,152.96,2023
Platypus,-28.12,152.63,2023
Platypus,-36.68,149.83,2025
Platypus,-17.42,145.52,2025
Platypus,-17.26,145.58,2023
Platypus,-41.56,146.37,2023
Platypus,-41.27,146.42,2024
Platypus,-29.92,152.69,2023
Platypus,-26.76,152.86,2024
Platypus,-28.84,152.15,2023
Platypus,-21.17,148.51,2025
Platypus,-17.27,145.58,2023
Platypus,-41.78,147.72,2025
Platypus,-33.09,148.87,2022
Platypus,-36.17,148.63,2025
Platypus,-42.75,146.62,2023
Platypus,-21.17,148.5,2023
Platypus,-36.53,146.66,2023
Platypus,-28.7,153.51,2024
Platypus,-40.93,145.57,2023
Platypus,-26.76,152.86,2025
Platypus,-35.32,149.16,2024
Platypus,-29.92,152.69,2022
Platypus,-35.4,148.17,2022
Platypus,-37.75,145.12,2022
Platypus,-33.62,150.16,2022
Platypus,-30.3,152.67,2023
Platypus,-17.27,145.58,2023
Platypus,-28.44,153.48,2024
Platypus,-40.04,144.06,2024
Platypus,-17.27,145.58,2024
Platypus,-34.73,150.63,2024
Platypus,-35.39,148.74,2022
Platypus,-26.64,152.95,2022
Platypus,-37.75,145.71,2025
Platypus,-36.67,149.83,2024
Platypus,-30.97,151.35,2023
Platypus,-35.34,149.19,2022
Platypus,-33.82,150.02,2025
Platypus,-41.28,146.42,2025
Platypus,-41.27,147.17,2025
Platypus,-37.71,145.27,2024
Platypus,-37.67,148.37,2025
Platypus,-36.67,149.83,2025
Platypus,-33.09,148.87,2023
Platypus,-43.03,146.98,2024
Platypus,-37.71,145.15,2025
Platypus,-37.68,145.15,2023
Platypus,-37.02,145.45,2023
Platypus,-28.84,152.15,2025
Platypus,-26.59,152.93,2023
Platypus,-35.94,136.73,2024
Platypus,-35.29,148.22,2022
Platypus,-34.57,150.75,2023
Platypus,-28.31,153.28,2021
Platypus,-17.27,145.58,2023
Platypus,-43.03,147.24,2022
Platypus,-33.75,149.93,2022
Platypus,-17.27,145.47,2023
Platypus,-34.48,150.32,2023
Platypus,-36.49,148.79,2021
Platypus,-43.17,146.93,2023
Platypus,-37.68,144.44,2024
Platypus,-17.27,145.58,2024
Platypus,-38.53,143.56,2022
Platypus,-28.32,152.34,2021
Platypus,-37.75,145.12,2023
Platypus,-36.7,146.91,2022
Platypus,-33.63,150.16,2021
Platypus,-32.83,150.19,2023
Platypus,-33.59,150.72,2024
Platypus,-35.57,149.11,2022
Platypus,-35.17,148.69,2024
Platypus,-26.76,152.84,2022
Platypus,-31.5,152.24,2025
Platypus,-28.88,153.36,2022
Platypus,-17.27,145.58,2025
Platypus,-21.17,148.5,2022
Platypus,-41.1,145.91,2025
Platypus,-26.76,152.86,2024
Platypus,-30.54,151.37,2025
Platypus,-34.45,149.47,2023
Platypus,-31.79,151.58,2023
Platypus,-36.16,148.69,2025
Platypus,-21.17,148.5,2023
Platypus,-35.65,148.98,2024
Platypus,-36.67,149.83,2025
Platypus,-33.67,150.67,2025
Platypus,-33.86,150.61,2024
Platypus,-36.51,148.94,2024
Platypus,-28.13,153.23,2022
Platypus,-38.55,143.76,2024
Platypus,-36.56,145.99,2025
Platypus,-35.47,148.91,2021
Platypus,-36.67,149.83,2025
Platypus,-18.6,145.8,2023
Platypus,-37.71,145.27,2023
Platypus,-28.44,153.47,2024
Platypus,-28.67,153.34,2023
Platypus,-28.8,153.43,2022
Platypus,-26.83,152.98,2025
Platypus,-31.31,151.15,2021
Platypus,-42.89,147.3,2025
Platypus,-30.49,151.36,2025
Platypus,-36.48,148.77,2021
Platypus,-28.91,153.39,2022
Platypus,-28.8,153.46,2024
Platypus,-36.94,149.59,2022
Platypus,-31.25,151.46,2024
Platypus,-26.59,152.9,2025
Platypus,-33.77,150.77,2023
Platypus,-21.17,148.51,2024
Platypus,-43.0,147.21,2023
Platypus,-38.31,142.48,2023
Platypus,-38.55,146.68,2025
Platypus,-34.53,150.4,2024
Platypus,-37.67,145.15,2025
Platypus,-28.8,153.46,2024
Platypus,-42.68,146.62,2023
Platypus,-36.35,146.29,2025
Platypus,-41.23,146.3,2024
Platypus,-43.06,147.09,2022
Platypus,-26.63,152.95,2022
Platypus,-37.72,145.24,2023
Platypus,-42.69,146.93,2024
Platypus,-17.27,145.58,2025
Platypus,-28.43,153.02,2022
Platypus,-41.11,146.07,2021
Platypus,-36.56,146.73,2023
Platypus,-37.75,145.12,2022
Platypus,-35.36,149.24,2025
Platypus,-41.02,145.1,2023
Platypus,-43.17,146.93,2025
Platypus,-17.27,145.58,2025
Platypus,-26.76,152.85,2022
Platypus,-42.57,145.69,2024
Platypus,-26.59,152.9,2025
Platypus,-29.46,151.48,2025
Platypus,-17.27,145.54,2025
Platypus,-17.27,145.54,2025
Platypus,-17.27,145.58,2025
Platypus,-27.22,152.83,2025
Platypus,-36.91,149.2,2022
Platypus,-29.23,151.11,2024
Platypus,-31.33,152.47,2025
Platypus,-28.32,152.34,2022
Platypus,-37.2,145.61,2021
Platypus,-42.78,147.07,2022
Platypus,-29.91,150.64,2024
Platypus,-27.32,152.99,2024
Platypus,-42.91,147.27,2023
Platypus,-41.23,146.3,2025
Platypus,-26.76,152.84,2024
Platypus,-28.65,153.28,2022
Platypus,-32.42,152.11,2024
Platypus,-32.8,149.97,2023
Platypus,-37.72,145.11,2022
Platypus,-27.34,152.96,2023
Platypus,-36.53,148.91,2025
Platypus,-27.32,152.99,2023
Platypus,-16.59,145.34,2023
Platypus,-17.27,145.58,2024
Platypus,-26.67,152.96,2025
Platypus,-31.21,151.8,2024
Platypus,-26.76,152.85,2024
Platypus,-30.34,152.7,2023
Platypus,-36.23,149.52,2024
Platypus,-28.82,153.34,2023
Platypus,-33.22,151.18,2023
Platypus,-35.71,148.17,2023
Platypus,-32.91,149.6,2024
Platypus,-33.61,150.36,2021
Platypus,-37.75,145.12,2023
Platypus,-34.72,150.45,2022
Platypus,-31.62,152.28,2023
Platypus,-31.64,152.06,2022
Platypus,-24.96,150.07,2022
Platypus,-28.69,153.53,2023
Platypus,-37.77,144.87,2023
Platypus,-33.82,150.03,2022
Platypus,-35.46,148.91,2023
Platypus,-28.67,153.49,2025
Platypus,-29.52,152.36,2022
Platypus,-32.0,151.96,2022
Platypus,-42.9,147.3,2023
Platypus,-26.86,152.92,2023
Platypus,-33.56,149.9,2024
Platypus,-17.27,145.58,2025
Platypus,-38.55,143.76,2025
Platypus,-36.43,148.9,2025
Platypus,-27.36,152.99,2023
Platypus,-17.27,145.58,2025
Platypus,-33.77,150.66,2021
Platypus,-27.57,151.85,2023
Platypus,-17.34,145.87,2022
Platypus,-28.84,152.15,2024
Platypus,-37.88,146.2,2023
Platypus,-38.73,143.37,2025
Platypus,-37.65,145.57,2024
Platypus,-35.36,149.24,2024
Platypus,-42.89,147.31,2021
Platypus,-41.59,145.93,2024
Platypus,-26.76,152.85,2025
Platypus,-36.09,146.89,2024
Platypus,-34.15,150.98,2025
Platypus,-28.35,153.2,2023
Platypus,-42.78,147.07,2022
Platypus,-41.12,145.93,2024
Platypus,-28.82,153.45,2023
Platypus,-27.35,152.95,2021
Platypus,-27.36,152.99,2022
Platypus,-34.76,149.72,2023
Platypus,-28.32,152.34,2022
Platypus,-37.67,145.15,2023
Platypus,-38.56,146.0,2024
Platypus,-43.03,147.25,2025
Platypus,-17.48,145.51,2025
Platypus,-35.35,149.24,2024
Platypus,-16.51,145.29,2022
Platypus,-41.15,146.82,2023
Platypus,-26.63,152.95,2024
Platypus,-36.5,148.83,2025
Platypus,-32.3,151.95,2024
Platypus,-36.55,148.96,2025
Platypus,-33.39,151.37,2022
Platypus,-41.34,146.84,2024
Platypus,-33.74,150.69,2024
Platypus,-35.44,149.8,2023
Platypus,-28.84,151.87,2025
Platypus,-28.32,152.34,2023
Platypus,-17.27,145.58,2025
Platypus,-32.8,149.97,2025
Platypus,-42.75,146.62,2022
Platypus,-37.52,145.39,2024
Platypus,-27.8,153.18,2022
Platypus,-26.68,153.0,2024
Platypus,-38.57,146.0,2023
Platypus,-33.86,150.64,2021
Platypus,-33.53,149.72,2022
Platypus,-34.97,148.53,2024
Platypus,-35.26,148.94,2023
Platypus,-36.48,148.77,2021
Platypus,-17.27,145.58,2025
Platypus,-28.38,153.34,2023
Platypus,-28.66,153.32,2024
Platypus,-31.24,151.13,2024
Platypus,-27.44,153.0,2022
Platypus,-35.35,149.24,2024
Platypus,-21.17,148.51,2023
Platypus,-17.24,145.59,2024
Platypus,-33.78,150.62,2023
Platypus,-35.46,148.91,2023
Platypus,-34.05,150.14,2022
Platypus,-26.59,152.9,2024
Platypus,-17.27,145.58,2025
Platypus,-38.14,144.25,2024
Platypus,-28.33,152.32,2025
Platypus,-34.03,150.69,2025
Platypus,-41.23,146.3,2024
Platypus,-36.85,146.86,2025
Platypus,-35.28,148.22,2024
Platypus,-35.45,149.07,2025
Platypus,-35.75,149.39,2022
Platypus,-35.46,148.91,2025
Platypus,-35.23,147.9,2022
Platypus,-17.94,145.12,2025
Platypus,-37.66,144.35,2021
Platypus,-41.27,147.17,2025
Platypus,-30.56,152.64,2022
Platypus,-33.79,150.68,2023
Platypus,-26.69,153.01,2023
Platypus,-17.47,145.59,2024
Platypus,-41.46,146.47,2024
Platypus,-28.79,152.09,2024
Platypus,-31.34,151.14,2023
Platypus,-41.23,146.3,2025
Platypus,-28.64,153.41,2025
Platypus,-21.15,149.09,2021
Platypus,-33.72,150.46,2022
Platypus,-41.45,145.53,2025
Platypus,-36.68,149.98,2021
Platypus,-28.66,153.17,2022
Platypus,-35.35,149.24,2023
Platypus,-43.17,146.93,2023
Platypus,-42.89,147.3,2025
Platypus,-41.25,146.89,2024
Platypus,-37.12,144.18,2024
Platypus,-37.68,144.43,2024
Platypus,-33.75,150.72,2024
Platypus,-36.92,149.64,2023
Platypus,-37.74,145.22,2023
Platypus,-27.16,152.79,2024
Platypus,-26.41,152.93,2024
Platypus,-34.72,150.65,2023
Platypus,-33.5,150.08,2024
Platypus,-35.97,148.24,2023
Platypus,-27.41,152.61,2022
Platypus,-41.18,146.32,2022
Platypus,-28.2,152.78,2023
Platypus,-17.27,145.58,2025
Platypus,-43.03,147.22,2021
Platypus,-16.95,145.55,2025
Platypus,-33.95,150.25,2021
Platypus,-34.58,150.73,2024
Platypus,-36.43,148.45,2025
Platypus,-36.58,147.09,2025
Platypus,-42.69,146.71,2024
Platypus,-35.31,149.04,2024
Platypus,-25.82,152.62,2023
Platypus,-17.27,145.58,2025
Platypus,-35.03,149.26,2022
Platypus,-34.73,150.52,2024
Platypus,-42.89,147.32,2025
Platypus,-36.67,149.85,2023
Platypus,-33.61,150.17,2022
Platypus,-28.18,153.25,2024
Platypus,-42.89,147.26,2023
Platypus,-37.74,145.22,2024
Platypus,-28.04,153.14,2025
Platypus,-36.67,149.83,2025
Platypus,-33.98,150.56,2021
Platypus,-34.06,149.45,2021
Platypus,-26.76,152.85,2023
Platypus,-37.71,145.29,2024
Platypus,-41.23,146.3,2021
Platypus,-28.82,153.34,2025
Platypus,-36.18,149.35,2025
Platypus,-36.09,146.88,2023
Platypus,-17.27,145.54,2025
Platypus,-35.46,148.91,2025
Platypus,-17.39,145.65,2024
Platypus,-17.54,145.71,2023
Platypus,-35.36,149.24,2025
Platypus,-38.08,144.28,2023
Platypus,-26.76,152.85,2023
Platypus,-27.49,152.89,2025
Platypus,-21.17,148.51,2024
Platypus,-42.1,146.12,2024
Platypus,-31.04,151.44,2023
Platypus,-37.75,145.12,2025
Platypus,-41.16,147.5,2024
Platypus,-35.46,148.91,2021
Platypus,-34.49,150.34,2022
Platypus,-26.69,153.01,2023
Platypus,-34.72,150.57,2021
Platypus,-35.31,149.05,2023
Platypus,-17.34,145.87,2024
Platypus,-21.17,148.51,2024
Platypus,-28.19,153.41,2022
Platypus,-33.49,150.07,2022
Platypus,-36.44,148.63,2023
Platypus,-17.27,145.58,2021
Platypus,-41.23,146.3,2025
Platypus,-27.36,152.99,2024
Platypus,-31.77,152.08,2024
Platypus,-35.3,149.12,2024
Platypus,-35.23,147.9,2022
Platypus,-42.75,146.97,2025
Platypus,-28.79,152.09,2024
Platypus,-36.7,149.91,2023
Platypus,-42.89,147.31,2024
Platypus,-36.79,145.1,2023
Platypus,-36.45,148.65,2023
Platypus,-37.83,145.0,2024
Platypus,-41.68,146.83,2025
Platypus,-35.4,148.17,2022
Platypus,-27.51,152.92,2022
Platypus,-28.64,153.34,2023
Platypus,-38.55,145.95,2022
Platypus,-27.46,152.08,2024
Platypus,-37.75,145.69,2022
Platypus,-34.49,150.33,2024
Platypus,-41.59,145.93,2025
Platypus,-34.74,149.73,2024
Platypus,-36.27,148.11,2025
Platypus,-42.71,146.7,2025
Platypus,-34.19,150.62,2025
Platypus,-41.14,147.8,2025
Platypus,-36.26,148.41,2025
Platypus,-17.27,145.58,2024
Platypus,-36.09,146.9,2025
Platypus,-17.27,145.58,2025
Platypus,-38.08,144.28,2024
Platypus,-26.73,152.85,2025
Platypus,-29.98,152.72,2025
Platypus,-28.66,153.31,2023
Platypus,-27.09,152.95,2022
Platypus,-27.37,152.85,2021
Platypus,-34.53,150.4,2024
Platypus,-33.53,149.83,2022
Platypus,-30.22,152.87,2024
Platypus,-35.3,149.18,2021
Platypus,-36.45,147.31,2024
Platypus,-41.16,147.49,2024
Platypus,-41.23,146.3,2025
Platypus,-41.23,146.3,2023
Platypus,-41.27,145.85,2023
Platypus,-35.41,149.26,2023
Platypus,-30.23,152.68,2024
Platypus,-41.53,146.66,2025
Platypus,-41.56,146.94,2024
Platypus,-43.17,146.93,2024
Platypus,-42.68,146.79,2022
Platypus,-36.91,149.2,2022
Platypus,-28.6,153.4,2021
Platypus,-29.54,151.77,2022
Platypus,-37.98,146.43,2024
Platypus,-27.35,152.95,2022
Platypus,-28.78,152.09,2025
Platypus,-17.27,145.58,2025
Platypus,-41.23,146.3,2025
Platypus,-41.43,147.19,2025
Platypus,-17.26,145.6,2024
Platypus,-17.26,145.58,2025
Platypus,-17.27,145.58,2025
Platypus,-31.46,151.12,2024
Platypus,-17.27,145.58,2024
Platypus,-36.39,146.33,2025
Platypus,-32.8,149.99,2023
Platypus,-25.07,148.27,2022
Platypus,-25.0,148.05,2025
Platypus,-42.76,146.54,2025
Platypus,-29.58,151.81,2022
Platypus,-42.75,146.62,2023
Platypus,-38.39,142.83,2025
Platypus,-36.91,149.2,2022
Platypus,-35.62,148.69,2024
Platypus,-27.34,152.98,2022
Platypus,-34.53,150.4,2025
Platypus,-17.35,145.6,2024
Platypus,-28.58,153.31,2025
Platypus,-17.27,145.58,2021
Platypus,-31.15,152.22,2024
Platypus,-31.22,151.76,2022
Platypus,-27.12,152.87,2022
Platypus,-25.06,148.24,2021
Platypus,-21.17,148.5,2023
Platypus,-36.9,149.24,2022
Platypus,-37.55,144.74,2025
Platypus,-36.55,145.99,2024
Platypus,-21.2,148.5,2022
Platypus,-41.48,146.06,2025
Platypus,-41.15,145.03,2022
Platypus,-38.32,142.64,2025
Platypus,-42.9,147.29,2023
Platypus,-21.18,148.85,2023
Platypus,-21.17,148.5,2025
Platypus,-26.63,152.95,2025
Platypus,-42.68,146.79,2025
Platypus,-41.08,145.92,2025
Platypus,-37.75,145.69,2021
Platypus,-41.23,146.3,2025
Platypus,-33.66,150.93,2021
Platypus,-17.27,145.58,2024
Platypus,-28.73,153.31,2022
Platypus,-17.27,145.58,2025
Platypus,-42.61,147.43,2023
Platypus,-37.67,144.36,2022
Platypus,-32.72,151.62,2024
Platypus,-35.46,148.91,2024
Platypus,-27.51,152.92,2024
Platypus,-26.63,152.95,2023
Platypus,-34.58,150.73,2021
Platypus,-25.07,148.27,2023
Platypus,-35.46,148.91,2025
Platypus,-41.09,145.69,2024
Platypus,-26.76,152.85,2025
Platypus,-26.76,152.86,2025
Platypus,-38.55,143.76,2022
Platypus,-33.63,150.96,2021
Platypus,-17.27,145.58,2025
Platypus,-35.25,148.95,2021
Platypus,-36.17,149.09,2022
Platypus,-34.07,150.63,2021
Platypus,-30.31,152.71,2022
Platypus,-17.27,145.58,2025
Platypus,-26.76,152.85,2023
Platypus,-35.46,148.91,2025
Platypus,-33.58,150.72,2025
Platypus,-41.23,146.3,2021
Platypus,-31.63,152.59,2021
Platypus,-37.72,145.27,2023
Platypus,-34.42,150.19,2024
Platypus,-41.41,145.98,2023
Platypus,-17.27,145.58,2025
Platypus,-38.14,144.31,2024
Platypus,-34.05,150.69,2025
Platypus,-17.27,145.58,2025
Platypus,-26.43,152.97,2023
Platypus,-35.33,149.28,2022
Platypus,-36.49,144.62,2024
Platypus,-27.5,152.93,2024
Platypus,-38.11,144.07,2023
Platypus,-35.46,148.91,2023
Platypus,-42.89,147.3,2025
Platypus,-36.7,146.91,2025
Platypus,-36.67,149.83,2024
Platypus,-35.17,148.69,2024
Platypus,-37.66,144.35,2024
Platypus,-38.15,144.29,2023
Platypus,-41.23,146.3,2024
Platypus,-42.89,147.3,2024
Platypus,-33.68,150.93,2023
Platypus,-41.51,147.06,2024
Platypus,-26.76,152.87,2021
Platypus,-28.35,152.32,2023
Platypus,-42.9,147.3,2023
Platypus,-17.34,145.62,2024
Platypus,-27.32,152.86,2025
Platypus,-42.89,147.3,2024
Platypus,-27.36,152.99,2024
Platypus,-34.49,150.34,2023
Platypus,-37.26,147.72,2024
Platypus,-24.96,150.07,2022
Platypus,-30.47,151.36,2023
Platypus,-38.47,146.21,2023
Platypus,-36.13,146.87,2023
Platypus,-42.89,147.31,2024
Platypus,-17.25,145.48,2023
Platypus,-36.78,149.9,2022
Platypus,-37.75,145.12,2024
Platypus,-35.34,149.23,2022
Platypus,-28.32,152.34,2022
Platypus,-42.89,147.3,2025
Platypus,-38.55,143.76,2022
Platypus,-43.02,147.25,2023
Platypus,-36.45,148.98,2025
Platypus,-27.47,152.86,2024
Platypus,-36.74,149.88,2022
Platypus,-25.05,148.22,2023
Platypus,-35.36,149.24,2025
Platypus,-17.27,145.58,2025
Platypus,-26.69,153.01,2023
Platypus,-26.76,152.85,2022
Platypus,-33.48,150.07,2024
Platypus,-37.75,145.12,2024
Platypus,-28.89,153.45,2024
Platypus,-24.95,150.08,2024
Platypus,-30.22,152.69,2024
Platypus,-17.27,145.58,2021
Platypus,-37.8,145.37,2022
Platypus,-30.33,152.71,2022
Platypus,-35.35,149.24,2024
Platypus,-37.37,143.97,2024
Platypus,-37.75,145.12,2023
Platypus,-42.89,147.32,2025
Platypus,-37.92,145.33,2025
Platypus,-36.74,149.84,2022
Platypus,-37.73,145.17,2024
Platypus,-29.93,152.72,2023
Platypus,-17.25,145.54,2022
Platypus,-35.36,149.24,2024
Platypus,-35.72,148.17,2024
Platypus,-35.45,149.72,2023
Platypus,-38.15,144.29,2023
Platypus,-43.0,147.21,2023
Platypus,-36.55,145.99,2024
Platypus,-34.18,150.31,2021
Platypus,-42.68,146.59,2024
Platypus,-26.67,152.96,2025
Platypus,-32.4,151.96,2025
Platypus,-37.75,145.12,2023
Platypus,-25.07,148.25,2023
Platypus,-36.14,146.88,2023
Platypus,-26.92,152.77,2022
Platypus,-32.25,151.32,2021
Platypus,-42.89,147.31,2023
Platypus,-37.75,145.12,2023
Platypus,-36.67,149.8,2021
Platypus,-41.5,147.42,2023
Platypus,-30.75,150.71,2023
Platypus,-36.44,148.63,2024
Platypus,-33.82,150.03,2023
Platypus,-30.35,152.7,2024
Platypus,-35.82,149.13,2021
Platypus,-17.27,145.58,2022
Platypus,-38.01,144.18,2023
Platypus,-37.75,145.01,2025
Platypus,-41.23,147.16,2024
Platypus,-26.59,152.9,2025
Platypus,-28.01,152.55,2024
Platypus,-21.17,148.51,2025
Platypus,-36.18,148.63,2025
Platypus,-40.99,145.74,2023
Platypus,-37.72,144.91,2025
Platypus,-37.75,142.02,2023
Platypus,-31.61,152.29,2021
Platypus,-37.75,145.12,2024
Platypus,-37.71,148.45,2021
Platypus,-27.52,152.83,2025
Platypus,-34.19,149.74,2021
Platypus,-27.22,152.99,2024
Platypus,-28.32,152.34,2021
Platypus,-17.27,145.54,2025
Platypus,-38.15,144.3,2023
Platypus,-41.84,147.31,2024
Platypus,-38.07,144.4,2023
Platypus,-29.42,151.7,2025
Platypus,-36.72,149.85,2021
Platypus,-30.43,152.7,2025
Platypus,-21.17,148.5,2024
Platypus,-36.65,149.89,2021
Platypus,-33.82,150.02,2021
Platypus,-43.15,147.15,2024
Platypus,-33.38,149.54,2025
Platypus,-34.86,148.95,2025
Platypus,-41.26,146.39,2023
Platypus,-28.12,153.23,2022
Platypus,-37.8,144.91,2024
Platypus,-38.64,146.18,2024
Platypus,-41.23,146.3,2024
Platypus,-33.35,151.36,2025
Platypus,-37.16,145.43,2023
Platypus,-36.31,148.81,2024
Platypus,-17.26,145.54,2024
Platypus,-38.7,143.37,2025
Platypus,-35.35,149.24,2024
Platypus,-26.76,152.85,2022
Platypus,-17.57,145.61,2023
Platypus,-35.18,150.02,2023
Platypus,-36.71,149.94,2023
Platypus,-17.27,145.58,2024
Platypus,-43.02,147.25,2023
Platypus,-43.01,147.21,2022
Platypus,-17.26,145.46,2024
Platypus,-26.76,152.86,2022
Platypus,-37.74,145.16,2023
Platypus,-33.52,150.67,2023
Platypus,-28.84,153.43,2025
Platypus,-35.52,149.93,2021
Platypus,-37.14,144.17,2025
Platypus,-37.9,145.25,2025
Platypus,-36.43,148.45,2025
Platypus,-26.22,152.61,2024
Platypus,-35.35,149.24,2024
Platypus,-17.27,145.58,2025
Platypus,-35.47,148.91,2025
Platypus,-41.23,146.3,2024
Platypus,-27.51,152.92,2023
Platypus,-37.54,149.21,2025
Platypus,-34.98,148.19,2021
Platypus,-35.47,148.91,2022
Platypus,-36.14,148.79,2025
Platypus,-41.52,146.65,2025
Platypus,-38.16,145.92,2025
Platypus,-35.45,149.2,2022
Platypus,-36.07,149.05,2025
Platypus,-26.76,152.86,2023
Platypus,-37.75,145.12,2023
Platypus,-37.74,142.03,2025
Platypus,-34.44,150.43,2024
Platypus,-41.36,146.91,2023
Platypus,-37.75,145.12,2025
Platypus,-17.27,145.58,2025
Platypus,-38.11,144.07,2023
Platypus,-27.79,153.18,2022
Platypus,-26.63,152.95,2024
Platypus,-26.76,152.85,2022
Platypus,-35.32,149.16,2024
Platypus,-27.32,152.99,2023
Platypus,-35.47,149.92,2024
Platypus,-36.17,149.08,2022
Platypus,-28.79,152.09,2021
Platypus,-26.77,152.62,2024
Platypus,-17.27,145.58,2025
Platypus,-35.36,149.24,2023
Platypus,-28.32,152.34,2024
Platypus,-17.27,145.58,2022
Platypus,-17.27,145.58,2023
Platypus,-36.79,145.15,2023
Platypus,-26.63,152.95,2023
Platypus,-33.41,149.58,2024
Platypus,-35.71,148.17,2022
Platypus,-30.35,152.7,2024
Platypus,-28.84,152.15,2025
Platypus,-36.62,149.57,2025
Platypus,-30.88,151.16,2021
Platypus,-26.71,152.7,2025
Platypus,-28.15,148.53,2021
Platypus,-42.9,147.3,2024
Platypus,-36.24,148.55,2025
Platypus,-36.53,149.42,2024
Platypus,-33.65,150.47,2021
Platypus,-28.83,153.45,2022
Platypus,-21.17,148.5,2022
Platypus,-17.27,145.58,2023
Platypus,-26.55,152.44,2022
Platypus,-18.6,145.8,2023
Platypus,-36.91,145.65,2025
Platypus,-42.75,146.62,2024
Platypus,-38.55,143.75,2025
Platypus,-36.91,149.2,2025
Platypus,-26.34,152.68,2022
Platypus,-26.44,152.21,2024
Platypus,-29.92,152.69,2022
Platypus,-26.59,152.91,2023
Platypus,-34.49,150.34,2025
Platypus,-31.32,151.16,2024
Platypus,-21.17,148.5,2023
Platypus,-35.3,149.12,2024
Platypus,-37.7,145.11,2023
Platypus,-30.25,152.66,2024
Platypus,-21.17,148.51,2024
Platypus,-30.46,152.92,2025
Platypus,-32.59,149.59,2024
Platypus,-33.82,149.9,2024
Platypus,-36.64,149.84,2024
Platypus,-29.16,151.03,2022
Platypus,-37.75,145.12,2023
Platypus,-38.38,142.59,2025
Platypus,-17.27,145.58,2025
Platypus,-17.27,145.58,2025
Platypus,-41.52,147.03,2023
Platypus,-41.23,146.3,2023
Platypus,-28.82,153.42,2023
Platypus,-28.32,152.34,2022
Platypus,-32.58,149.58,2023
Platypus,-37.75,145.12,2023
Platypus,-25.07,148.27,2024
Platypus,-17.27,145.58,2025
Platypus,-17.27,145.58,2022
Platypus,-27.09,152.95,2022
Platypus,-36.28,149.32,2024
Platypus,-27.5,152.93,2024
Platypus,-36.75,149.37,2025
Platypus,-17.35,145.58,2022
Platypus,-32.81,151.46,2024
Platypus,-41.12,145.93,2024
Platypus,-37.68,145.15,2025
Platypus,-33.5,150.08,2022
Platypus,-42.68,146.76,2021
Platypus,-33.82,150.03,2024
Platypus,-34.6,149.76,2024
Platypus,-35.35,149.24,2025
Platypus,-17.27,145.58,2025
Platypus,-24.95,152.22,2022
Platypus,-35.46,148.91,2023
Platypus,-37.75,145.12,2023
Platypus,-41.23,147.21,2025
Platypus,-34.72,150.65,2022
Platypus,-30.22,152.87,2023
Platypus,-38.55,143.76,2025
Platypus,-28.32,152.34,2021
Platypus,-35.35,149.24,2023
Platypus,-35.46,148.91,2025
Platypus,-21.17,148.5,2024
Platypus,-36.77,149.97,2023
Platypus,-28.6,153.12,2024
Platypus,-28.82,153.45,2022
Platypus,-35.46,148.91,2023
Platypus,-37.84,144.13,2025
Platypus,-26.21,152.88,2024
Platypus,-35.36,149.24,2021
Platypus,-28.18,153.43,2022
Platypus,-42.78,147.07,2022
Platypus,-17.28,145.61,2022
Platypus,-41.23,146.3,2023
Platypus,-28.32,152.35,2021
Platypus,-28.28,152.78,2023
Platypus,-26.63,152.89,2022
Platypus,-35.96,136.66,2021
Platypus,-35.46,150.23,2023
Platypus,-35.47,148.91,2021
Platypus,-21.15,148.86,2023
Platypus,-21.17,148.5,2025
Platypus,-27.32,152.99,2023
Platypus,-29.99,152.72,2022
Platypus,-17.27,145.58,2022
Platypus,-36.14,149.23,2025
Platypus,-37.75,145.12,2021
Platypus,-41.41,145.98,2023
Platypus,-17.34,145.62,2025
Platypus,-24.95,152.22,2022
Platypus,-17.42,145.73,2023
Platypus,-21.17,148.5,2022
Platypus,-37.71,143.87,2022
Platypus,-43.16,146.92,2022
Platypus,-26.64,152.95,2025
Platypus,-21.13,148.72,2023
Platypus,-21.17,148.52,2023
Platypus,-33.68,150.63,2025
Platypus,-26.76,152.86,2024
Platypus,-36.35,146.29,2024
Platypus,-35.36,149.24,2021
Platypus,-41.26,148.05,2025
Platypus,-34.78,150.64,2025
Platypus,-28.34,152.3,2024
Platypus,-42.89,147.3,2024
Platypus,-28.15,153.23,2022
Platypus,-26.63,152.96,2025
Platypus,-28.32,152.34,2022
Platypus,-26.62,152.96,2024
Platypus,-38.55,143.76,2022
Platypus,-27.57,152.14,2023
Platypus,-35.3,149.18,2021
Platypus,-38.66,146.38,2025
Platypus,-36.56,145.99,2025
Platypus,-37.65,145.52,2025
Platypus,-28.79,152.09,2022
Platypus,-40.96,145.55,2023
Platypus,-26.76,152.86,2022
Platypus,-36.5,148.83,2021
Platypus,-26.23,152.61,2022
Platypus,-37.75,145.12,2022
Platypus,-21.14,149.03,2023
Platypus,-29.88,152.79,2022
Platypus,-28.32,152.34,2022
Platypus,-33.82,150.03,2021
Platypus,-24.95,152.23,2022
Platypus,-42.9,147.3,2024
Platypus,-42.89,147.3,2025
Platypus,-35.46,148.91,2024
Platypus,-37.67,148.37,2024
Platypus,-35.39,148.1,2022
Platypus,-43.17,146.92,2021
Platypus,-34.67,150.28,2022
Platypus,-33.88,150.77,2023
Platypus,-41.23,146.3,2023
Platypus,-27.36,152.99,2021
Platypus,-21.2,148.5,2022
Platypus,-17.27,145.58,2024
Platypus,-33.71,150.98,2021
Platypus,-29.44,151.99,2024
Platypus,-17.27,145.58,2025
Platypus,-33.82,150.03,2025
Platypus,-29.05,151.49,2025
Platypus,-41.1,145.91,2025
Platypus,-26.63,152.95,2024
Platypus,-25.69,149.21,2021
Platypus,-37.75,145.12,2025
Platypus,-26.25,152.76,2024
Platypus,-34.62,149.87,2024
Platypus,-35.31,149.16,2025
Platypus,-41.43,147.19,2024
Platypus,-36.18,148.63,2023
Platypus,-17.27,145.58,2025
Platypus,-17.27,145.58,2021
Platypus,-37.73,145.18,2024
Platypus,-17.3,145.6,2021
Platypus,-43.02,147.25,2025
Platypus,-33.08,151.45,2023
Platypus,-21.17,148.51,2023
Platypus,-41.36,146.93,2024
Platypus,-25.06,148.24,2021
Platypus,-33.5,150.08,2023
Platypus,-27.36,152.99,2023
Platypus,-26.76,152.86,2025
Platypus,-26.76,152.85,2022
Platypus,-32.4,151.96,2024
Platypus,-33.82,149.9,2024
Platypus,-33.3,151.28,2023
Platypus,-35.3,149.18,2024
Platypus,-35.95,136.69,2022
Platypus,-35.35,149.24,2022
Platypus,-36.22,149.12,2025
Platypus,-37.67,145.15,2024
Platypus,-35.3,149.16,2023
Platypus,-37.75,145.12,2025
Platypus,-21.17,148.51,2024
Platypus,-35.33,149.28,2022
Platypus,-36.45,148.45,2025
Platypus,-35.47,148.91,2021
Platypus,-34.53,150.4,2022
Platypus,-26.63,152.95,2024
Platypus,-35.41,148.12,2022
Platypus,-33.82,149.9,2025
Platypus,-36.44,148.45,2025
Platypus,-28.32,152.34,2023
Platypus,-34.49,149.36,2021
Platypus,-33.82,149.9,2024
Platypus,-26.76,152.86,2025
Platypus,-37.04,143.81,2023
Platypus,-33.69,150.97,2021
Platypus,-36.82,149.38,2023
Platypus,-38.14,144.26,2024
Platypus,-28.32,152.34,2024
Platypus,-35.74,149.13,2023
Platypus,-29.37,151.15,2023
Platypus,-35.42,149.94,2023
Platypus,-42.81,147.06,2023
Platypus,-35.88,149.13,2024
Platypus,-26.76,152.86,2025
Platypus,-33.66,150.66,2025
Platypus,-41.19,145.65,2023
Platypus,-36.68,149.44,2024
Platypus,-42.97,147.3,2023
Platypus,-41.18,146.32,2023
Platypus,-41.48,146.06,2022
Platypus,-26.44,152.97,2022
Platypus,-41.23,146.3,2022
Platypus,-34.2,150.63,2025
Platypus,-42.89,147.31,2023
Platypus,-35.47,149.92,2024
Platypus,-26.63,152.95,2024
Platypus,-18.6,145.8,2023
Platypus,-42.17,146.16,2025
Platypus,-37.73,145.17,2024
Platypus,-33.22,151.28,2023
Platypus,-17.47,145.58,2023
Platypus,-26.45,152.75,2025
Platypus,-29.92,152.69,2023
Platypus,-31.93,151.65,2023
Platypus,-18.21,145.54,2022
Platypus,-27.21,152.81,2024
Platypus,-23.53,148.18,2023
Platypus,-36.48,148.77,2021
Platypus,-37.48,144.01,2024
Platypus,-27.35,152.95,2024
Platypus,-42.15,145.34,2022
Platypus,-41.25,146.88,2025
Platypus,-32.55,148.94,2024
Platypus,-38.24,143.99,2024
Platypus,-29.23,151.11,2025
Platypus,-17.19,145.64,2023
Platypus,-37.75,145.12,2024
Platypus,-17.35,145.59,2024
Platypus,-35.95,144.37,2023
Platypus,-36.68,149.89,2021
Platypus,-36.67,149.83,2025
Platypus,-17.27,145.58,2022
Platypus,-26.59,152.91,2023
Platypus,-21.17,148.5,2023
Platypus,-43.17,146.92,2025
Platypus,-21.13,148.49,2024
Platypus,-37.75,145.12,2025
Platypus,-36.55,145.99,2024
Platypus,-33.29,148.73,2024
Platypus,-34.86,148.46,2023
Platypus,-27.36,152.99,2023
Platypus,-17.27,145.58,2022
Platypus,-27.33,152.8,2025
Platypus,-28.84,152.15,2024
Platypus,-43.14,147.15,2023
Platypus,-41.55,146.73,2025
Platypus,-33.31,151.33,2021
Platypus,-41.49,146.91,2025
Platypus,-33.65,150.95,2023
Platypus,-38.02,144.19,2023
Platypus,-37.75,142.02,2023
Platypus,-31.32,151.14,2021
Platypus,-36.48,148.78,2021
Platypus,-17.27,145.58,2025
Platypus,-23.54,149.7,2024
Platypus,-16.6,145.34,2024
Platypus,-37.75,145.11,2022
Platypus,-36.68,149.83,2025
Platypus,-35.33,149.28,2023
Platypus,-26.63,152.95,2025
Platypus,-35.3,149.14,2023
Platypus,-41.23,146.4,2024
Platypus,-35.23,148.97,2021
Platypus,-21.17,148.51,2022
Platypus,-36.48,147.06,2024
Platypus,-31.03,152.71,2022
Platypus,-26.76,152.86,2023
Platypus,-29.35,151.09,2025
Platypus,-37.73,145.24,2023
Platypus,-41.64,145.94,2024
Platypus,-25.95,151.75,2023
Platypus,-36.55,145.98,2023
Platypus,-36.48,148.78,2023
Platypus,-42.9,147.29,2024
Platypus,-17.27,145.58,2025
Platypus,-35.3,149.18,2021
Platypus,-33.94,149.96,2024
Platypus,-17.27,145.58,2022
Platypus,-26.24,152.88,2024
Platypus,-41.23,146.3,2023
Platypus,-26.76,152.86,2024
Platypus,-31.79,152.17,2022
Platypus,-38.55,143.76,2025
Platypus,-31.66,152.61,2024
Platypus,-42.75,146.62,2024
Platypus,-37.74,145.24,2023
Platypus,-34.73,149.57,2022
Platypus,-35.72,148.17,2025
Platypus,-29.92,152.69,2022
Platypus,-37.68,144.43,2024
Platypus,-34.73,149.57,2021
Platypus,-17.27,145.58,2024
Platypus,-41.51,146.69,2022
Platypus,-41.23,146.3,2025
Platypus,-35.36,149.24,2024
Platypus,-21.17,148.5,2025
Platypus,-17.26,145.6,2022
Platypus,-28.69,153.53,2023
Platypus,-26.76,152.86,2022
Platypus,-35.28,149.03,2021
Platypus,-36.79,149.91,2021
Platypus,-36.37,148.18,2025
Platypus,-35.46,148.91,2023
Platypus,-17.27,145.54,2025
Platypus,-28.44,153.48,2023
Platypus,-36.17,149.09,2023
Platypus,-35.44,149.72,2023
Platypus,-28.99,151.52,2025
Platypus,-41.23,146.3,2023
Platypus,-28.82,153.34,2022
Platypus,-38.55,143.76,2023
Platypus,-28.33,152.34,2021
Platypus,-36.91,149.2,2023
Platypus,-27.5,152.93,2023
Platypus,-37.74,145.19,2025
Platypus,-42.68,146.79,2025
Platypus,-37.74,145.15,2023
Platypus,-36.13,146.88,2023
Platypus,-35.47,148.91,2021
Platypus,-17.6,145.76,2023
Platypus,-40.86,145.25,2023
Platypus,-37.75,145.12,2023
Platypus,-16.59,145.34,2024
Platypus,-29.23,151.11,2023
Platypus,-31.21,151.1,2022
Platypus,-42.68,146.71,2021
Platypus,-36.91,149.2,2023
Platypus,-41.23,146.3,2024
Platypus,-41.78,147.72,2023
Platypus,-36.91,149.2,2022
Platypus,-36.45,144.67,2024
Platypus,-36.22,149.36,2022
Platypus,-28.6,153.4,2023
Platypus,-37.48,144.01,2024
Platypus,-36.45,148.65,2023
Platypus,-28.28,153.27,2023
Platypus,-37.75,145.12,2023
Platypus,-28.79,152.09,2022
Platypus,-43.17,146.92,2025
Platypus,-17.27,145.58,2025
Platypus,-35.33,149.28,2025
Platypus,-37.72,145.11,2024
Platypus,-33.67,150.66,2022
Platypus,-17.22,145.5,2022
Platypus,-35.36,149.24,2021
Platypus,-36.91,149.2,2023
Platypus,-35.71,148.17,2024
Platypus,-27.6,152.93,2023
Platypus,-34.3,150.71,2025
Platypus,-26.76,152.86,2022
Platypus,-42.95,147.23,2023
Platypus,-38.08,144.28,2025
Platypus,-17.27,145.58,2023
Platypus,-30.29,152.66,2025
Platypus,-42.93,147.06,2024
Platypus,-32.53,151.54,2022
Platypus,-35.82,149.13,2025
Platypus,-28.84,153.45,2022
Platypus,-17.27,145.58,2025
Platypus,-42.9,147.3,2023
Platypus,-33.82,149.9,2025
Platypus,-34.75,149.6,2021
Platypus,-27.49,152.89,2023
Platypus,-30.24,153.03,2022
Platypus,-37.75,145.12,2023
Platypus,-27.5,152.68,2024
Platypus,-42.9,147.3,2023
Platypus,-35.35,149.24,2022
Platypus,-41.23,146.3,2025
Platypus,-26.62,152.96,2023
Platypus,-42.89,147.3,2025
Platypus,-26.76,152.86,2025
Platypus,-37.7,145.11,2023
Platypus,-42.89,147.31,2025
Platypus,-27.36,152.99,2024
Platypus,-21.18,148.48,2022
Platypus,-37.75,145.12,2023
Platypus,-20.9,148.3,2022
Platypus,-41.23,146.3,2024
Platypus,-17.27,145.58,2025
Platypus,-43.17,146.92,2024
Platypus,-42.68,146.72,2025
Platypus,-42.68,146.79,2025
Platypus,-37.73,145.1,2023
Platypus,-28.84,153.45,2022
Platypus,-33.5,150.09,2023
Platypus,-17.27,145.58,2025
Platypus,-42.75,146.97,2025
Platypus,-26.69,153.01,2023
Platypus,-28.32,152.34,2022
Platypus,-34.8,150.76,2025
Platypus,-33.82,149.9,2024
Platypus,-38.55,143.76,2024
Platypus,-36.14,146.88,2024
Platypus,-28.05,153.19,2023
Platypus,-37.67,145.15,2023
Platypus,-17.25,145.54,2022
Platypus,-41.25,146.88,2023
Platypus,-28.8,153.46,2024
Platypus,-34.41,150.19,2021
Platypus,-30.88,151.16,2023
Platypus,-21.17,148.5,2022
Platypus,-41.24,146.34,2023
Platypus,-27.35,152.97,2024
Platypus,-30.34,152.61,2022
Platypus,-34.58,150.58,2023
Platypus,-34.94,146.31,2023
Platypus,-37.68,144.42,2023
Platypus,-42.49,146.71,2024
Platypus,-36.17,149.09,2024
Platypus,-33.82,149.9,2024
Platypus,-21.17,148.5,2025
Platypus,-17.27,145.58,2025
Platypus,-26.37,152.59,2025
Platypus,-31.91,152.46,2025
Platypus,-26.76,152.86,2025
Platypus,-41.58,148.19,2024
Platypus,-41.76,146.91,2025
Platypus,-27.35,152.95,2024
Platypus,-40.95,145.71,2025
Platypus,-41.23,146.3,2023
Platypus,-37.74,145.22,2025
Platypus,-21.17,148.51,2025
Platypus,-35.36,149.24,2024
Platypus,-26.43,152.93,2025
Platypus,-37.75,145.12,2022
Platypus,-36.91,149.2,2022
Platypus,-28.37,153.35,2023
Platypus,-17.46,145.59,2022
Platypus,-43.37,147.34,2024
Platypus,-41.43,147.19,2025
Platypus,-33.11,150.33,2021
Platypus,-35.47,148.91,2021
Platypus,-17.0,145.43,2023
Platypus,-35.28,149.11,2025
Platypus,-26.76,152.85,2025
Platypus,-26.76,152.85,2022
Platypus,-26.69,152.95,2022
Platypus,-42.9,147.28,2025
Platypus,-21.17,148.51,2022
Platypus,-17.27,145.58,2025
Platypus,-27.07,152.96,2023
Platypus,-34.3,150.71,2025
Platypus,-31.2,151.46,2025
Platypus,-36.11,148.77,2025
Platypus,-26.63,152.45,2024
Platypus,-32.28,151.86,2023
Platypus,-41.15,147.8,2022
Platypus,-35.36,149.24,2024
Platypus,-34.84,150.42,2024
Platypus,-36.68,149.08,2021
Platypus,-42.73,147.08,2022
Platypus,-37.75,145.71,2025
Platypus,-42.98,147.18,2023
Platypus,-27.5,152.91,2024
Platypus,-42.01,146.74,2024
Platypus,-41.23,146.3,2024
Platypus,-17.27,145.58,2023
Platypus,-27.44,152.63,2022
Platypus,-43.16,147.23,2024
Platypus,-28.33,152.34,2021
Platypus,-42.04,147.99,2023
Platypus,-42.85,147.3,2024
Platypus,-34.4,150.11,2021
Platypus,-36.61,149.89,2023
Platypus,-36.46,148.69,2021
Platypus,-35.3,149.17,2022
Platypus,-27.29,152.12,2021
Platypus,-28.65,153.45,2022
Platypus,-35.04,138.74,2022
Platypus,-33.82,149.9,2025
Platypus,-33.78,150.62,2021
Platypus,-33.97,149.91,2021
Platypus,-28.12,153.11,2023
Platypus,-37.67,145.15,2025
Platypus,-28.69,153.17,2022
Platypus,-33.81,150.11,2022
Platypus,-28.8,153.46,2024
Platypus,-34.53,150.4,2025
Platypus,-33.59,149.94,2024
Platypus,-35.36,149.24,2024
Platypus,-36.67,149.83,2024
Platypus,-28.85,153.37,2025
Platypus,-37.75,145.12,2022
Platypus,-35.36,149.24,2024
Platypus,-37.68,144.43,2025
Platypus,-41.23,146.3,2025
Platypus,-36.67,149.83,2025
Platypus,-35.81,145.49,2024
Platypus,-37.25,144.38,2024
Platypus,-41.23,146.3,2024
Platypus,-32.8,149.97,2025
Platypus,-42.89,147.31,2024
Platypus,-35.46,148.91,2023
Platypus,-29.73,151.78,2022
Platypus,-28.84,152.15,2023
Platypus,-17.27,145.58,2025
Platypus,-32.21,151.27,2021
Platypus,-27.43,152.63,2025
Platypus,-37.69,145.58,2025
Platypus,-17.51,145.54,2023
Platypus,-27.52,152.83,2025
Platypus,-33.7,150.48,2024
Platypus,-40.99,145.74,2023
Platypus,-26.76,152.85,2022
Platypus,-35.46,148.91,2024
Platypus,-37.18,144.38,2022
Platypus,-35.39,149.01,2025
Platypus,-36.48,148.78,2021
Platypus,-28.34,152.3,2023
Platypus,-34.49,150.34,2025
Platypus,-34.66,150.23,2024
Platypus,-36.42,145.72,2024
Platypus,-33.33,151.18,2025
Platypus,-33.61,150.7,2025
Platypus,-28.59,153.22,2023
Platypus,-41.28,146.42,2024
Platypus,-41.51,146.69,2022
Platypus,-37.75,145.12,2023
Platypus,-28.45,153.46,2022
Platypus,-31.34,151.14,2023
Platypus,-28.8,153.49,2023
Platypus,-43.31,147.01,2023
Platypus,-31.61,152.29,2023
Platypus,-36.89,148.42,2025
Platypus,-42.68,146.79,2022
Platypus,-34.48,150.32,2021
Platypus,-41.04,145.38,2023
Platypus,-36.56,146.72,2023
Platypus,-42.89,147.3,2024
Platypus,-28.18,153.42,2022
Platypus,-33.05,150.62,2021
Platypus,-36.07,149.15,2025
Platypus,-36.9,149.1,2024
Platypus,-35.26,148.94,2023
Platypus,-31.14,151.54,2025
Platypus,-30.3,153.01,2021
Platypus,-17.27,145.58,2023
Platypus,-35.36,149.24,2022
Platypus,-34.48,150.32,2024
Platypus,-36.21,147.83,2023
Platypus,-28.82,153.34,2023
Platypus,-25.06,148.24,2023
Platypus,-38.52,143.72,2021
Platypus,-38.55,143.76,2025
Platypus,-30.35,152.69,2024
Platypus,-28.43,153.34,2023
Platypus,-41.78,147.71,2022
Platypus,-35.46,148.91,2024
Platypus,-42.89,147.31,2025
Platypus,-41.41,145.97,2025
Platypus,-41.08,145.92,2025
Platypus,-33.71,150.62,2023
Platypus,-37.75,145.12,2023
Platypus,-35.31,149.16,2021
Platypus,-34.66,150.6,2024
Platypus,-37.75,145.12,2023
Platypus,-26.59,152.91,2022
Platypus,-37.71,145.26,2025
Platypus,-35.47,148.91,2023
Platypus,-21.17,148.51,2025
Platypus,-37.74,145.2,2024
Platypus,-21.17,148.5,2024
Platypus,-36.45,148.42,2022
Platypus,-37.74,145.21,2024
Platypus,-33.91,149.89,2025
Platypus,-26.63,152.95,2025
Platypus,-41.56,146.4,2024
Platypus,-37.75,145.12,2025
Platypus,-26.32,152.85,2024
Platypus,-21.17,148.5,2022
Platypus,-35.45,149.06,2022
Platypus,-24.83,152.27,2023
Platypus,-36.07,148.64,2024
Platypus,-35.35,149.24,2022
Platypus,-25.07,148.27,2023
Platypus,-26.76,152.85,2022
Platypus,-26.83,152.72,2021
Platypus,-28.32,152.35,2023
Platypus,-27.46,152.88,2025
Platypus,-26.76,152.84,2025
Platypus,-38.55,143.76,2022
Platypus,-42.9,147.3,2023
Platypus,-40.96,145.56,2025
Platypus,-33.65,150.55,2021
Platypus,-38.09,144.28,2025
Platypus,-21.17,148.5,2025
Platypus,-38.55,143.76,2025
Platypus,-41.08,145.92,2025
Platypus,-35.47,149.95,2025
Platypus,-28.44,153.46,2022
Platypus,-26.69,152.89,2024
Platypus,-41.04,145.88,2022
Platypus,-28.1,153.23,2024
Platypus,-42.15,145.31,2024
Platypus,-40.99,145.74,2023
Platypus,-33.25,151.32,2022
Platypus,-21.17,148.51,2025
Platypus,-33.57,150.3,2025
Platypus,-37.71,144.99,2023
Platypus,-37.75,145.12,2023
Platypus,-41.6,145.93,2023
Platypus,-42.18,146.49,2023
Platypus,-33.82,149.9,2024
Platypus,-17.27,145.58,2022
Platypus,-43.16,146.93,2022
Platypus,-32.31,151.75,2022
Platypus,-33.77,150.66,2021
Platypus,-35.28,149.03,2021
Platypus,-17.34,145.63,2023
Platypus,-35.46,148.91,2023
Platypus,-41.23,146.3,2024
Platypus,-28.84,152.15,2024
Platypus,-38.14,144.31,2023
Platypus,-17.27,145.58,2024
Platypus,-26.76,152.85,2025
Platypus,-17.27,145.58,2025
Platypus,-29.18,151.12,2023
Platypus,-26.73,152.71,2024
Platypus,-36.69,149.84,2021
Platypus,-36.44,148.88,2025
Platypus,-36.16,149.18,2025
Platypus,-36.7,149.99,2021
Platypus,-28.82,153.34,2024
Platypus,-36.48,148.77,2021
Platypus,-17.27,145.58,2023
Platypus,-28.19,153.23,2022
Platypus,-42.91,147.27,2021
Platypus,-35.36,149.24,2024
Platypus,-36.02,149.14,2025
Platypus,-37.82,145.43,2023
Platypus,-42.89,147.3,2025
Platypus,-36.23,149.12,2021
Platypus,-41.23,146.3,2024
Platypus,-35.29,149.03,2022
Platypus,-28.66,153.3,2022
Platypus,-28.82,153.34,2023
Platypus,-37.85,144.14,2021
Platypus,-32.04,151.87,2023
Platypus,-33.82,150.03,2023
Platypus,-17.27,145.58,2025
Platypus,-34.58,150.73,2022
Platypus,-33.68,150.63,2024
Platypus,-17.27,145.58,2024
Platypus,-35.54,149.09,2025
Platypus,-35.28,149.12,2024
Platypus,-35.47,148.91,2021
Platypus,-36.56,145.99,2025
Platypus,-28.82,153.34,2023
Platypus,-28.43,153.48,2023
Platypus,-41.12,145.93,2023
Platypus,-42.9,147.28,2023
Platypus,-36.13,146.88,2025
Platypus,-26.6,152.89,2023
Platypus,-37.83,144.13,2023
Platypus,-17.26,145.61,2024
Platypus,-32.37,149.41,2024
Platypus,-33.82,150.02,2023
Platypus,-41.28,146.42,2024
Platypus,-34.53,150.4,2024
Platypus,-27.09,152.94,2022
Platypus,-36.91,149.21,2025
Platypus,-37.68,144.43,2024
Platypus,-41.26,146.32,2024
Platypus,-21.17,148.5,2023
Platypus,-35.3,149.09,2022
Platypus,-26.71,152.7,2024
Platypus,-34.59,150.08,2024
Platypus,-35.35,149.24,2023
Platypus,-35.46,148.91,2025
Platypus,-26.76,152.85,2024
Platypus,-28.6,153.4,2021
Platypus,-26.92,152.67,2022
Platypus,-36.62,149.81,2021
Platypus,-37.75,148.65,2023
Platypus,-35.71,148.17,2023
Platypus,-17.27,145.58,2022
Platypus,-26.8,152.9,2022
Platypus,-36.0,146.0,2025
Platypus,-26.63,152.96,2025
Platypus,-41.23,146.3,2024
Platypus,-26.62,152.65,2023
Platypus,-31.26,151.13,2024
Platypus,-38.12,144.23,2025
Platypus,-31.14,152.23,2024
Platypus,-17.27,145.58,2023
Platypus,-41.43,147.19,2024
Platypus,-31.45,152.47,2022
Platypus,-33.52,149.77,2022
Platypus,-28.09,153.36,2025
Platypus,-17.27,145.58,2024
Platypus,-43.18,147.16,2024
Platypus,-41.42,146.94,2022
Platypus,-17.27,145.58,2024
Platypus,-26.76,152.84,2022
Platypus,-40.96,145.56,2023
Platypus,-40.97,145.55,2023
Platypus,-33.52,149.86,2025
Platypus,-42.99,147.11,2023
Platypus,-38.55,143.76,2023
Platypus,-35.36,149.24,2025
Platypus,-30.23,152.88,2023
Platypus,-26.57,152.9,2022
Platypus,-35.72,148.17,2025
Platypus,-17.26,145.58,2022
Platypus,-41.17,147.74,2023
Platypus,-38.55,143.76,2023
Platypus,-33.83,149.88,2025
Platypus,-21.17,148.5,2024
Platypus,-26.41,152.93,2022
Platypus,-33.82,149.9,2024
Platypus,-26.76,152.85,2025
Platypus,-26.76,152.86,2025
Platypus,-34.76,150.75,2021
Platypus,-35.46,148.91,2023
Platypus,-35.35,149.24,2024
Platypus,-38.14,144.23,2025
Platypus,-32.83,150.19,2021
Platypus,-26.31,152.86,2025
Platypus,-31.09,151.46,2021
Platypus,-42.89,147.3,2024
Platypus,-35.46,148.91,2024
Platypus,-43.0,147.21,2024
Platypus,-30.3,153.01,2023
Platypus,-37.75,145.12,2022
Platypus,-25.07,148.27,2023
Platypus,-41.75,147.77,2025
Platypus,-35.47,148.91,2021
Platypus,-35.46,148.91,2025
Platypus,-38.32,142.49,2023
Platypus,-33.5,150.08,2023
Platypus,-33.25,148.94,2025
Platypus,-32.06,151.91,2023
Platypus,-35.44,149.93,2023
Platypus,-26.66,152.46,2023
Platypus,-38.02,146.0,2024
Platypus,-16.64,145.4,2022
Platypus,-36.44,148.44,2024
Platypus,-37.75,145.12,2025
Platypus,-29.86,150.58,2025
Platypus,-17.3,145.6,2021
Platypus,-24.95,152.23,2022
Platypus,-42.01,146.6,2024
Platypus,-33.72,150.66,2024
Platypus,-36.14,146.88,2022
Platypus,-21.17,148.51,2022
Platypus,-35.35,149.24,2024
Platypus,-38.53,143.56,2023
Platypus,-35.35,149.24,2024
Platypus,-36.73,146.96,2023
Platypus,-36.68,149.86,2024
Platypus,-42.75,146.62,2022
Platypus,-31.83,151.9,2023
Platypus,-36.73,149.67,2023
Platypus,-26.19,152.43,2024
Platypus,-17.36,145.59,2025
Platypus,-30.3,152.67,2023
Quokka,-31.85,115.52,2024
Quokka,-34.62,116.69,2024
Quokka,-31.83,115.55,2023
Quokka,-31.93,115.54,2025
Quokka,-32.18,115.56,2022
Quokka,-34.81,116.72,2025
Quokka,-32.19,115.51,2024
Quokka,-31.93,115.42,2023
Quokka,-31.85,115.51,2022
Quokka,-31.98,115.4,2022
Quokka,-34.86,116.93,2023
Quokka,-34.84,116.68,2025
Quokka,-32.11,115.44,2024
Quokka,-34.92,116.63,2022
Quokka,-32.07,115.41,2025
Quokka,-31.84,115.48,2024
Quokka,-32.17,115.49,2025
Quokka,-34.98,116.73,2022
Quokka,-31.88,115.6,2024
Quokka,-31.96,115.49,2023
Quokka,-31.88,115.58,2025
Quokka,-31.89,115.43,2024
Quokka,-31.92,115.56,2022
Quokka,-31.96,115.44,2023
Quokka,-31.97,115.57,2023
Quokka,-31.97,115.57,2025
Quokka,-34.85,116.66,2025
Quokka,-34.61,116.66,2021
Quokka,-34.75,116.65,2024
Quokka,-31.96,115.41,2025
Quokka,-31.89,115.6,2023
Quokka,-31.98,115.57,2023
Quokka,-31.82,115.54,2023
Quokka,-31.85,115.59,2023
Quokka,-32.0,115.45,2023
Quokka,-32.04,115.59,2023
Quokka,-32.01,115.57,2024
Quokka,-31.99,115.44,2023
Quokka,-31.98,115.41,2023
Quokka,-31.83,115.49,2024
Quokka,-31.96,115.54,2025
Quokka,-35.13,116.62,2025
Quokka,-31.92,115.57,2022
Quokka,-31.86,115.45,2024
Quokka,-31.85,115.6,2025
Quokka,-32.16,115.59,2025
Quokka,-31.88,115.56,2024
Quokka,-31.87,115.49,2025
Quokka,-34.79,116.76,2024
Quokka,-31.82,115.52,2022
Quokka,-31.96,115.47,2025
Quokka,-31.94,115.45,2025
Quokka,-32.02,115.41,2025
Quokka,-31.93,115.44,2024
Quokka,-35.04,116.78,2025
Quokka,-34.89,118.29,2024
Quokka,-35.07,116.72,2025
Quokka,-32.04,115.42,2024
Quokka,-31.91,115.4,2024
Quokka,-32.16,115.53,2022
Quokka,-31.85,115.58,2022
Quokka,-31.8,115.47,2025
Quokka,-31.81,115.56,2024
Quokka,-32.17,115.5,2025
Quokka,-31.88,115.53,2023
Quokka,-35.07,116.77,2024
Quokka,-31.95,115.54,2025
Quokka,-34.82,116.62,2025
Quokka,-34.91,118.37,2023
Quokka,-31.98,115.53,2023
Quokka,-32.11,115.56,2024
Quokka,-34.92,118.02,2024
Quokka,-34.05,115.81,2023
Quokka,-31.9,115.6,2022
Quokka,-31.95,115.53,2023
Quokka,-31.96,115.57,2022
Quokka,-31.94,115.52,2024
Quokka,-31.82,115.59,2023
Quokka,-31.85,115.4,2025
Quokka,-35.05,116.75,2025
Quokka,-31.82,115.57,2025
Quokka,-31.95,115.42,2023
Quokka,-34.65,116.78,2024
Quokka,-31.83,115.58,2025
Quokka,-31.92,115.53,2025
Quokka,-31.95,115.5,2024
Quokka,-31.93,115.47,2022
Quokka,-32.0,115.49,2023
Quokka,-34.7,116.84,2021
Quokka,-31.95,115.51,2025
Quokka,-32.06,115.54,2022
Quokka,-34.43,115.85,2022
Quokka,-34.82,116.66,2025
Quokka,-34.73,116.65,2024
Quokka,-35.12,116.67,2025
Quokka,-32.18,115.45,2025
Quokka,-32.0,115.44,2025
Quokka,-31.83,115.4,2025
Quokka,-31.85,115.56,2025
Quokka,-32.06,115.58,2024
Quokka,-31.97,115.4,2025
Quokka,-31.99,115.5,2023
Quokka,-32.0,115.43,2022
Quokka,-34.81,118.54,2025
Quokka,-32.07,115.55,2023
Quokka,-31.92,115.54,2022
Quokka,-34.67,116.42,2022
Quokka,-32.0,115.43,2022
Quokka,-31.89,115.52,2022
Quokka,-31.83,115.5,2024
Quokka,-31.9,115.46,2025
Quokka,-31.91,115.48,2024
Quokka,-34.98,116.8,2025
Quokka,-32.11,115.53,2023
Quokka,-32.05,115.47,2024
Quokka,-31.99,115.59,2024
Quokka,-34.7,116.71,2023
Quokka,-34.8,116.61,2025
Quokka,-34.7,116.76,2021
Quokka,-31.93,115.46,2024
Quokka,-35.05,116.64,2025
Quokka,-34.71,116.79,2024
Quokka,-31.81,115.58,2023
Quokka,-35.11,116.64,2025
Quokka,-31.94,115.56,2023
Quokka,-34.68,116.63,2024
Quokka,-31.95,115.56,2023
Quokka,-31.95,115.46,2021
Quokka,-31.89,115.48,2025
Quokka,-31.8,115.49,2024
Quokka,-31.9,115.48,2024
Quokka,-31.98,115.43,2025
Quokka,-31.82,115.57,2023
Quokka,-31.97,115.48,2024
Quokka,-34.96,116.78,2025
Quokka,-34.93,116.76,2025
Quokka,-31.87,115.42,2021
Quokka,-32.0,115.5,2023
Quokka,-34.97,116.63,2025
Quokka,-31.88,115.44,2024
Quokka,-34.61,116.84,2023
Quokka,-31.86,115.46,2025
Quokka,-31.93,115.58,2024
Quokka,-31.94,115.45,2023
Quokka,-31.95,115.44,2024
Quokka,-31.97,115.59,2025
Quokka,-31.93,115.46,2023
Quokka,-31.9,115.44,2025
Quokka,-32.0,115.59,2025
Quokka,-34.84,116.67,2025
Quokka,-32.04,115.52,2024
Quokka,-31.88,115.48,2023
Quokka,-31.91,115.46,2025
Quokka,-31.86,115.55,2025
Quokka,-35.03,116.71,2025
Quokka,-31.92,115.46,2025
Quokka,-31.86,115.46,2025
Quokka,-31.95,115.48,2024
Quokka,-31.82,115.53,2022
Quokka,-34.79,116.71,2024
Quokka,-32.09,115.59,2024
Quokka,-31.91,115.55,2023
Quokka,-31.83,115.5,2024
Quokka,-31.88,115.42,2025
Quokka,-32.0,115.5,2021
Quokka,-31.88,115.41,2022
Quokka,-31.89,115.55,2023
Quokka,-31.87,115.48,2024
Quokka,-31.98,115.56,2023
Quokka,-31.98,115.41,2022
Quokka,-31.83,115.47,2023
Quokka,-34.31,117.61,2024
Quokka,-31.84,115.45,2022
Quokka,-34.82,116.69,2025
Quokka,-35.15,116.72,2025
Quokka,-31.96,115.49,2024
Quokka,-31.89,115.58,2022
Quokka,-34.64,116.65,2024
Quokka,-31.94,115.54,2024
Quokka,-31.85,115.44,2022
Quokka,-31.86,115.55,2024
Quokka,-34.84,116.71,2025
Quokka,-31.99,115.5,2022
Quokka,-31.99,115.45,2025
Quokka,-35.12,116.62,2025
Quokka,-31.93,115.45,2023
Quokka,-34.75,116.7,2024
Quokka,-31.9,115.6,2022
Quokka,-31.89,115.46,2024
Quokka,-31.9,115.46,2024
Quokka,-31.93,115.51,2023
Quokka,-32.18,115.41,2025
Quokka,-32.13,115.41,2023
Quokka,-31.96,115.57,2025
Quokka,-31.94,115.56,2025
Quokka,-31.86,115.46,2025
Quokka,-32.0,115.5,2024
Quokka,-31.81,115.51,2025
Quokka,-31.82,115.43,2024
Quokka,-31.85,115.47,2025
Quokka,-31.91,115.6,2025
Quokka,-32.05,115.51,2024
Quokka,-31.98,115.42,2025
Quokka,-34.74,116.63,2024
Quokka,-32.17,115.42,2022
Quokka,-32.0,115.54,2025
Quokka,-31.98,115.57,2025
Quokka,-31.81,115.42,2025
Quokka,-31.95,115.45,2021
Quokka,-31.82,115.54,2025
Quokka,-31.95,115.48,2025
Quokka,-34.64,116.71,2024
Quokka,-31.84,115.48,2023
Quokka,-34.97,118.22,2025
Quokka,-32.09,115.41,2025
Quokka,-31.98,115.56,2024
Quokka,-34.86,116.62,2025
Quokka,-34.86,118.04,2021
Quokka,-31.96,115.45,2025
Quokka,-32.01,115.51,2023
Quokka,-35.11,116.67,2025
Quokka,-31.82,115.56,2024
Quokka,-32.02,115.41,2022
Quokka,-32.13,115.44,2025
Quokka,-31.92,115.58,2022
Quokka,-31.81,115.54,2023
Quokka,-35.03,116.71,2025
Quokka,-34.68,116.77,2021
Quokka,-35.02,116.74,2025
Quokka,-31.9,115.6,2022
Quokka,-35.18,116.69,2025
Quokka,-34.85,116.62,2025
Quokka,-31.88,115.46,2022
Quokka,-31.87,115.4,2022
Quokka,-31.81,115.53,2023
Quokka,-31.9,116.0,2023
Quokka,-34.89,116.99,2023
Quokka,-35.15,116.66,2025
Quokka,-31.94,115.53,2024
Quokka,-31.89,115.51,2022
Quokka,-32.19,115.59,2024
Quokka,-31.86,115.48,2024
Quokka,-32.19,115.58,2023
Quokka,-32.12,115.59,2025
Quokka,-32.01,115.46,2023
Quokka,-35.11,116.75,2025
Quokka,-31.92,115.43,2023
Quokka,-32.0,115.54,2023
Quokka,-32.13,115.44,2024
Quokka,-34.06,115.98,2023
Quokka,-32.15,115.42,2024
Quokka,-31.95,115.57,2025
Quokka,-31.94,115.55,2024
Quokka,-34.92,116.62,2025
Quokka,-31.9,115.42,2022
Quokka,-34.99,116.64,2025
Quokka,-31.95,115.41,2025
Quokka,-31.93,115.5,2023
Quokka,-31.9,115.5,2025
Quokka,-31.89,115.41,2022
Quokka,-35.1,116.61,2025
Quokka,-31.91,115.54,2024
Quokka,-35.03,116.73,2025
Quokka,-32.07,115.53,2022
Quokka,-31.85,115.4,2023
Quokka,-31.97,115.57,2024
Quokka,-31.92,115.46,2022
Quokka,-31.81,115.57,2025
Quokka,-31.82,115.56,2024
Quokka,-31.92,115.54,2022
Quokka,-31.85,115.45,2022
Quokka,-31.83,115.47,2024
Quokka,-32.0,115.5,2024
Quokka,-35.0,116.66,2025
Quokka,-34.99,118.01,2021
Quokka,-31.93,115.46,2023
Quokka,-31.89,115.58,2025
Quokka,-34.97,116.7,2023
Quokka,-34.92,116.82,2023
Quokka,-31.83,115.5,2024
Quokka,-34.73,116.62,2024
Quokka,-34.94,116.94,2023
Quokka,-31.92,115.55,2025
Quokka,-32.04,115.56,2022
Quokka,-34.98,116.67,2025
Quokka,-34.71,116.68,2024
Quokka,-31.97,115.53,2022
Quokka,-32.15,115.44,2024
Quokka,-34.12,115.89,2023
Quokka,-34.97,116.74,2025
Quokka,-31.95,115.47,2025
Quokka,-32.01,115.46,2025
Quokka,-31.83,115.41,2023
Quokka,-31.94,115.6,2024
Quokka,-31.99,115.57,2024
Quokka,-31.93,115.43,2025
Quokka,-31.9,115.48,2022
Quokka,-31.9,115.56,2025
Quokka,-32.02,115.49,2024
Quokka,-31.97,115.42,2024
Quokka,-32.05,115.5,2022
Quokka,-31.99,115.54,2022
Quokka,-31.99,115.54,2025
Quokka,-31.81,115.58,2023
Quokka,-34.69,116.78,2024
Quokka,-31.81,115.51,2023
Quokka,-31.86,115.51,2025
Quokka,-32.04,115.54,2023
Quokka,-31.88,115.51,2024
Quokka,-31.95,115.47,2024
Quokka,-32.04,115.59,2025
Quokka,-34.88,116.78,2025
Quokka,-32.0,115.54,2025
Quokka,-34.75,116.65,2024
Quokka,-31.81,115.5,2024
Quokka,-31.9,115.43,2024
Quokka,-31.86,115.48,2022
Quokka,-31.86,115.54,2024
Quokka,-34.78,116.63,2024
Quokka,-31.91,115.47,2021
Quokka,-32.14,115.59,2025
Quokka,-31.87,115.43,2025
Quokka,-31.92,115.47,2022
Quokka,-31.93,115.46,2024
Quokka,-31.9,115.6,2022
Quokka,-34.71,116.64,2024
Quokka,-31.97,115.42,2022
Quokka,-31.86,115.53,2022
Quokka,-34.85,116.64,2025
Quokka,-31.9,115.59,2024
Quokka,-31.89,115.48,2023
Quokka,-31.94,115.56,2022
Quokka,-31.93,115.55,2022
Quokka,-31.89,115.53,2023
Quokka,-31.88,115.44,2022
Quokka,-31.92,115.51,2024
Quokka,-31.87,115.59,2023
Quokka,-31.94,115.48,2025
Quokka,-31.97,115.48,2025
Quokka,-31.83,115.4,2023
Quokka,-31.96,115.46,2025
Quokka,-34.9,116.62,2025
Quokka,-32.04,115.51,2022
Quokka,-31.94,115.51,2024
Quokka,-31.95,115.5,2023
Quokka,-32.02,115.58,2024
Quokka,-31.85,115.53,2023
Quokka,-31.94,115.42,2024
Quokka,-31.98,115.53,2024
Quokka,-31.87,115.44,2024
Quokka,-31.93,115.41,2025
Quokka,-35.13,116.78,2025
Quokka,-31.85,115.57,2022
Quokka,-32.15,115.58,2024
Quokka,-34.65,116.69,2024
Quokka,-31.89,115.47,2022
Quokka,-31.92,115.46,2022
Quokka,-34.92,116.74,2025
Quokka,-31.94,115.4,2024
Quokka,-31.85,115.58,2024
Quokka,-31.95,115.49,2024
Quokka,-31.94,115.5,2023
Quokka,-31.83,115.43,2024
Quokka,-32.17,115.4,2023
Quokka,-31.86,115.43,2024
Quokka,-35.05,116.63,2025
Quokka,-31.94,115.49,2022
Quokka,-31.84,115.46,2025
Quokka,-32.09,115.6,2024
Quokka,-31.94,115.48,2025
Quokka,-31.83,115.58,2023
Quokka,-31.9,115.46,2024
Quokka,-31.85,115.58,2025
Quokka,-31.84,115.45,2022
Quokka,-31.98,115.56,2025
Quokka,-32.11,115.58,2023
Quokka,-31.82,115.43,2025
Quokka,-31.86,115.51,2025
Quokka,-31.95,115.44,2022
Quokka,-34.8,116.8,2025
Quokka,-32.0,115.51,2024
Quokka,-31.97,115.43,2022
Quokka,-35.12,116.77,2025
Quokka,-31.83,115.53,2025
Quokka,-31.91,115.43,2023
Quokka,-31.85,115.56,2023
Quokka,-31.87,115.52,2025
Quokka,-31.9,116.0,2021
Quokka,-32.0,115.54,2023
Quokka,-31.94,115.54,2023
Quokka,-31.96,115.59,2025
Quokka,-31.91,115.42,2025
Quokka,-34.9,118.1,2024
Quokka,-31.86,115.46,2023
Quokka,-31.92,115.59,2023
Quokka,-32.2,115.54,2025
Quokka,-31.99,115.45,2022
Quokka,-34.89,116.79,2025
Quokka,-31.86,115.6,2023
Quokka,-32.12,115.46,2022
Quokka,-34.91,116.71,2025
Quokka,-31.88,115.54,2025
Quokka,-35.02,116.76,2025
Quokka,-32.19,115.6,2023
Quokka,-32.07,115.48,2022
Quokka,-31.94,115.47,2023
Quokka,-34.61,116.65,2021
Quokka,-32.02,115.51,2025
Quokka,-31.8,115.4,2025
Quokka,-34.86,116.78,2025
Quokka,-35.05,116.64,2025
Quokka,-31.92,115.42,2024
Quokka,-32.0,115.58,2025
Quokka,-31.97,115.49,2024
Quokka,-31.86,115.6,2025
Quokka,-34.03,115.81,2023
Quokka,-31.88,115.45,2023
Quokka,-31.92,115.41,2025
Quokka,-31.88,115.51,2024
Quokka,-31.92,115.57,2022
Quokka,-31.88,115.4,2022
Quokka,-31.9,115.54,2022
Quokka,-31.98,115.51,2024
Quokka,-31.99,115.4,2025
Quokka,-32.17,115.54,2024
Quokka,-31.83,115.41,2025
Quokka,-35.1,116.73,2025
Quokka,-31.94,115.43,2023
Quokka,-32.03,115.57,2023
Quokka,-31.92,115.5,2024
Quokka,-31.92,115.53,2025
Quokka,-31.88,115.48,2022
Quokka,-31.91,115.56,2025
Quokka,-31.93,115.44,2022
Quokka,-31.81,115.58,2024
Quokka,-32.08,115.48,2025
Quokka,-31.84,115.44,2024
Quokka,-31.99,115.56,2024
Quokka,-34.94,116.71,2025
Quokka,-31.94,115.46,2025
Quokka,-31.9,115.54,2024
Quokka,-31.88,115.58,2024
Quokka,-34.62,116.79,2024
Quokka,-31.96,115.43,2024
Quokka,-31.96,115.42,2022
Quokka,-31.92,115.42,2023
Quokka,-32.13,115.53,2024
Quokka,-31.81,115.41,2025
Quokka,-31.84,115.42,2023
Quokka,-32.0,115.5,2021
Quokka,-31.98,115.53,2023
Quokka,-31.82,115.49,2025
Quokka,-31.8,115.58,2023
Quokka,-32.22,116.36,2024
Quokka,-31.87,115.59,2025
Quokka,-31.9,115.55,2024
Quokka,-34.67,116.67,2024
Quokka,-31.82,115.52,2023
Quokka,-31.82,115.47,2024
Quokka,-31.93,115.42,2025
Quokka,-31.93,115.59,2024
Quokka,-35.01,116.74,2025
Quokka,-31.97,115.56,2022
Quokka,-31.99,115.53,2025
Quokka,-34.95,116.73,2025
Quokka,-31.93,115.43,2022
Quokka,-34.97,116.65,2025
Quokka,-34.07,115.86,2023
Quokka,-32.11,115.54,2022
Quokka,-32.05,115.45,2024
Quokka,-31.81,115.55,2023
Quokka,-31.91,115.4,2025
Quokka,-34.78,116.07,2025
Quokka,-34.71,116.67,2024
Quokka,-31.85,115.44,2025
Quokka,-32.14,115.55,2025
Quokka,-32.07,115.45,2025
Quokka,-31.92,115.52,2022
Quokka,-32.0,115.57,2024
Quokka,-31.88,115.54,2024
Quokka,-31.81,115.43,2024
Quokka,-34.76,116.8,2024
Quokka,-31.97,115.59,2024
Quokka,-34.83,116.8,2025
Quokka,-31.97,115.44,2025
Quokka,-34.99,116.73,2025
Quokka,-32.03,115.54,2023
Quokka,-31.86,115.54,2022
Quokka,-32.0,115.54,2025
Quokka,-32.0,115.54,2024
Quokka,-31.82,115.54,2025
Quokka,-31.98,115.47,2025
Quokka,-31.99,115.44,2023
Quokka,-32.0,115.48,2024
Quokka,-31.86,115.41,2024
Quokka,-32.03,115.57,2021
Quokka,-31.9,115.6,2022
Quokka,-31.86,115.48,2022
Quokka,-31.83,115.47,2023
Quokka,-31.81,115.47,2023
Quokka,-32.07,115.55,2023
Quokka,-31.91,115.42,2024
Quokka,-31.96,115.49,2025
Quokka,-31.81,115.46,2025
Quokka,-31.91,115.51,2025
Quokka,-32.07,115.52,2025
Quokka,-34.97,116.72,2025
Quokka,-31.96,115.49,2025
Quokka,-35.03,116.7,2025
Quokka,-31.97,115.57,2024
Quokka,-34.62,116.65,2024
Quokka,-31.91,115.51,2025
Quokka,-32.04,115.54,2022
Quokka,-31.81,115.6,2025
Quokka,-32.13,115.49,2023
Quokka,-32.19,115.58,2025
Quokka,-32.13,115.46,2025
Quokka,-31.93,115.47,2024
Quokka,-31.99,115.49,2025
Quokka,-31.89,115.56,2025
Quokka,-35.12,116.62,2025
Quokka,-31.87,115.49,2025
Quokka,-31.86,115.57,2022
Quokka,-32.0,115.5,2021
Quokka,-31.9,115.52,2024
Quokka,-32.05,115.43,2025
Quokka,-31.84,115.47,2024
Quokka,-32.0,115.5,2022
Quokka,-32.0,115.5,2021
Quokka,-35.19,116.65,2025
Quokka,-31.81,115.55,2024
Quokka,-34.66,116.75,2021
Quokka,-31.92,115.59,2022
Quokka,-32.03,115.5,2022
Quokka,-31.92,115.46,2024
Quokka,-31.88,115.6,2023
Quokka,-31.94,115.55,2024
Quokka,-31.95,115.6,2022
Quokka,-31.87,115.53,2025
Quokka,-34.62,116.7,2024
Quokka,-32.0,115.44,2025
Quokka,-31.87,115.55,2023
Quokka,-31.8,115.54,2021
Quokka,-34.76,116.5,2024
Quokka,-32.13,115.44,2022
Quokka,-32.11,115.5,2021
Quokka,-32.0,115.43,2025
Quokka,-31.95,115.42,2023
Quokka,-31.85,115.49,2024
Quokka,-34.74,116.71,2024
Quokka,-31.81,115.45,2022
Quokka,-31.94,115.42,2024
Quokka,-32.16,115.48,2024
Quokka,-31.9,115.42,2024
Quokka,-31.88,115.53,2022
Quokka,-34.84,116.7,2025
Quokka,-31.91,115.49,2022
Quokka,-31.83,115.56,2025
Quokka,-31.94,115.51,2025
Quokka,-32.03,115.54,2024
Quokka,-31.83,115.53,2024
Quokka,-32.0,115.5,2022
Quokka,-31.89,115.5,2022
Quokka,-31.82,115.54,2024
Quokka,-31.85,115.51,2022
Quokka,-31.8,115.9,2023
Quokka,-31.89,115.43,2024
Quokka,-31.95,115.41,2023
Quokka,-34.98,116.76,2025
Quokka,-31.92,115.44,2024
Quokka,-35.17,116.65,2025
Quokka,-32.0,115.54,2025
Quokka,-31.83,115.55,2022
Quokka,-31.96,115.56,2022
Quokka,-34.65,116.61,2024
Quokka,-34.83,116.71,2025
Quokka,-31.92,115.58,2021
Quokka,-32.19,115.57,2024
Quokka,-31.9,115.6,2022
Quokka,-34.83,116.83,2022
Quokka,-31.89,115.48,2022
Quokka,-31.93,115.43,2025
Quokka,-31.95,115.51,2023
Quokka,-32.07,115.48,2024
Quokka,-31.98,115.46,2024
Quokka,-31.81,115.56,2024
Quokka,-32.12,115.57,2022
Quokka,-31.91,115.44,2023
Quokka,-32.14,115.47,2025
Quokka,-31.91,115.4,2024
Quokka,-31.89,115.44,2025
Quokka,-31.9,115.5,2022
Quokka,-31.93,115.55,2023
Quokka,-31.9,115.44,2024
Quokka,-31.83,115.57,2023
Quokka,-32.15,115.44,2024
Quokka,-35.11,116.75,2025
Quokka,-31.92,115.54,2025
Quokka,-31.83,115.56,2023
Quokka,-31.99,115.4,2024
Quokka,-31.82,115.51,2025
Quokka,-31.99,115.4,2024
Quokka,-32.0,115.52,2025
Quokka,-32.15,115.47,2023
Quokka,-35.01,116.6,2025
Quokka,-32.0,115.5,2023
Quokka,-31.81,115.53,2024
Quokka,-34.16,115.93,2023
Quokka,-31.97,115.42,2023
Quokka,-31.99,115.55,2023
Quokka,-31.83,115.49,2022
Quokka,-31.84,115.56,2025
Quokka,-31.95,115.4,2024
Quokka,-32.11,115.41,2024
Quokka,-31.99,115.53,2022
Quokka,-35.12,116.76,2025
Quokka,-31.96,115.4,2024
Quokka,-34.62,116.63,2024
Quokka,-31.83,115.57,2023
Quokka,-31.98,115.48,2023
Quokka,-31.89,115.49,2023
Quokka,-32.12,115.41,2022
Quokka,-31.88,115.45,2022
Quokka,-31.81,115.4,2025
Quokka,-31.92,115.42,2023
Quokka,-34.68,116.73,2024
Quokka,-31.84,115.55,2025
Quokka,-34.91,118.32,2024
Quokka,-31.85,115.47,2025
Quokka,-32.07,115.46,2022
Quokka,-34.7,116.48,2025
Quokka,-31.84,115.45,2022
Quokka,-32.17,115.54,2024
Quokka,-32.12,115.49,2021
Quokka,-31.91,115.44,2024
Quokka,-31.85,115.49,2025
Quokka,-35.06,116.62,2025
Quokka,-31.84,115.55,2024
Quokka,-31.92,115.46,2025
Quokka,-31.86,115.46,2024
Quokka,-31.88,115.58,2024
Quokka,-34.07,115.95,2023
Quokka,-31.85,115.41,2023
Quokka,-32.11,115.58,2022
Quokka,-34.72,116.58,2025
Quokka,-34.75,116.79,2024
Quokka,-32.15,115.55,2022
Quokka,-34.86,116.63,2025
Quokka,-31.86,115.58,2023
Quokka,-31.81,115.52,2025
Quokka,-31.92,115.57,2023
Quokka,-31.97,115.51,2025
Quokka,-32.12,115.55,2022
Quokka,-31.88,115.57,2025
Quokka,-34.91,116.66,2025
Quokka,-32.0,115.53,2021
Quokka,-31.88,115.44,2022
Quokka,-31.92,115.43,2022
Quokka,-31.95,115.52,2021
Quokka,-34.99,116.74,2025
Quokka,-31.83,115.45,2023
Quokka,-34.83,116.64,2025
Quokka,-31.9,115.56,2024
Quokka,-31.94,115.52,2022
Quokka,-31.97,115.57,2023
Quokka,-32.01,115.55,2024
Quokka,-31.92,115.45,2024
Quokka,-31.84,115.47,2024
Quokka,-31.8,115.57,2024
Quokka,-34.84,116.63,2025
Quokka,-31.89,115.46,2024
Quokka,-34.85,116.9,2023
Quokka,-31.96,115.42,2025
Quokka,-34.81,118.11,2024
Quokka,-34.65,116.5,2025
Quokka,-31.99,115.54,2025
Quokka,-32.1,115.56,2025
Quokka,-32.03,115.55,2023
Quokka,-32.0,115.54,2024
Quokka,-31.8,115.58,2022
Quokka,-32.06,115.52,2023
Quokka,-34.61,116.64,2024
Quokka,-32.18,115.42,2024
Quokka,-32.0,115.5,2022
Quokka,-31.92,115.58,2025
Quokka,-31.81,115.54,2023
Quokka,-31.86,115.44,2025
Quokka,-32.0,115.5,2021
Quokka,-31.92,115.58,2022
Quokka,-31.92,115.51,2023
Quokka,-34.74,116.62,2024
Quokka,-31.84,115.53,2024
Quokka,-31.97,115.48,2025
Quokka,-34.83,116.62,2025
Quokka,-31.96,115.55,2024
Quokka,-32.12,115.51,2023
Quokka,-34.9,116.7,2025
Quokka,-35.01,116.63,2025
Quokka,-34.95,116.76,2022
Quokka,-31.87,115.45,2025
Quokka,-31.86,115.5,2023
Quokka,-32.04,115.55,2024
Quokka,-31.86,115.43,2025
Quokka,-31.84,115.46,2025
Quokka,-32.14,115.54,2024
Quokka,-31.94,115.51,2024
Quokka,-31.93,115.54,2025
Quokka,-32.16,115.48,2022
Quokka,-31.89,115.46,2024
Quokka,-31.97,115.55,2023
Quokka,-34.68,116.77,2024
Quokka,-31.96,115.55,2025
Quokka,-31.96,115.53,2025
Quokka,-32.04,115.51,2025
Quokka,-31.95,115.59,2025
Quokka,-34.87,116.95,2024
Quokka,-34.81,116.64,2025
Quokka,-31.96,115.59,2022
Quokka,-32.0,115.5,2022
Quokka,-31.86,115.5,2023
Quokka,-31.94,115.42,2025
Quokka,-31.97,115.53,2022
Quokka,-31.86,115.53,2023
Quokka,-31.94,115.51,2023
Quokka,-31.96,115.43,2025
Quokka,-31.98,115.45,2025
Quokka,-31.98,115.5,2023
Quokka,-35.05,116.64,2025
Quokka,-34.85,116.76,2025
Quokka,-31.82,115.48,2024
Quokka,-34.78,116.71,2024
Quokka,-34.99,116.7,2025
Quokka,-32.03,115.53,2022
Quokka,-31.81,115.4,2024
Quokka,-34.67,116.79,2024
Quokka,-34.78,116.77,2024
Quokka,-34.91,116.78,2025
Quokka,-31.82,115.41,2022
Quokka,-34.84,116.7,2025
Quokka,-32.07,115.53,2023
Quokka,-31.94,115.55,2023
Quokka,-31.8,115.49,2023
Quokka,-31.96,115.5,2024
Quokka,-32.0,115.5,2022
Quokka,-31.87,115.58,2023
Quokka,-35.06,116.66,2025
Quokka,-34.64,116.67,2024
Quokka,-31.91,115.6,2023
Quokka,-31.84,115.6,2025
Quokka,-32.0,115.5,2021
Quokka,-31.9,115.47,2023
Quokka,-32.2,115.57,2022
Quokka,-31.81,115.56,2023
Quokka,-32.0,115.5,2021
Quokka,-34.8,116.75,2024
Quokka,-34.89,116.7,2025
Quokka,-34.87,116.66,2025
Quokka,-32.0,115.5,2022
Quokka,-31.85,115.58,2025
Quokka,-31.92,115.53,2023
Quokka,-32.18,115.53,2024
Quokka,-34.11,115.87,2023
Quokka,-31.94,115.59,2024
Quokka,-31.99,115.58,2022
Quokka,-31.97,115.41,2025
Quokka,-34.8,116.74,2025
Quokka,-32.0,115.46,2023
Quokka,-31.97,115.49,2022
Quokka,-32.11,115.45,2023
Quokka,-34.74,116.73,2024
Quokka,-31.95,115.45,2025
Quokka,-34.84,116.63,2025
Quokka,-34.92,116.69,2025
Quokka,-31.93,115.44,2023
Quokka,-31.96,115.57,2023
Quokka,-31.9,115.46,2025
Quokka,-34.84,116.65,2025
Quokka,-31.85,115.56,2023
Quokka,-31.87,115.42,2024
Quokka,-34.89,116.69,2025
Quokka,-31.84,115.4,2023
Quokka,-31.94,115.57,2022
Quokka,-31.93,115.48,2025
Quokka,-34.85,118.21,2023
Quokka,-32.18,115.6,2022
Quokka,-31.81,115.42,2024
Quokka,-31.98,115.49,2023
Quokka,-31.86,115.45,2024
Quokka,-34.96,116.67,2025
Quokka,-34.41,115.87,2022
Quokka,-31.98,115.5,2023
Quokka,-31.94,115.54,2023
Quokka,-32.01,115.45,2023
Quokka,-31.88,115.45,2024
Quokka,-31.85,115.47,2025
Quokka,-32.16,115.48,2023
Quokka,-31.89,115.41,2023
Quokka,-31.88,115.43,2025
Quokka,-31.83,115.53,2025
Quokka,-31.91,115.56,2024
Quokka,-31.84,115.51,2023
Quokka,-31.84,115.4,2023
Quokka,-34.69,116.72,2023
Quokka,-31.86,115.56,2024
Quokka,-32.0,115.54,2024
Quokka,-35.11,116.64,2025
Quokka,-31.98,115.49,2025
Quokka,-31.9,115.54,2022
Quokka,-31.82,115.57,2022
Quokka,-32.19,115.5,2023
Quokka,-35.07,116.77,2025
Quokka,-31.93,115.42,2025
Quokka,-31.83,115.46,2022
Quokka,-31.98,115.48,2023
Quokka,-32.05,115.52,2022
Quokka,-31.95,115.47,2023
Quokka,-31.87,115.5,2024
Quokka,-32.1,115.46,2023
Quokka,-31.92,115.55,2023
Quokka,-31.98,115.43,2024
Quokka,-31.92,115.49,2024
Quokka,-31.85,115.52,2025
Quokka,-31.81,115.58,2025
Quokka,-34.14,115.94,2023
Quokka,-31.86,115.49,2023
Quokka,-31.92,115.42,2025
Quokka,-31.87,115.51,2023
Quokka,-31.83,115.49,2025
Quokka,-34.83,118.03,2023
Quokka,-31.97,115.44,2022
Quokka,-31.9,115.59,2023
Quokka,-32.12,115.43,2023
Quokka,-34.94,118.56,2025
Quokka,-31.89,115.53,2022
Quokka,-31.82,115.56,2022
Quokka,-31.96,115.51,2025
Quokka,-32.0,115.5,2023
Quokka,-34.85,116.76,2025
Quokka,-31.86,115.5,2022
Quokka,-34.86,116.61,2025
Quokka,-31.87,115.52,2025
Quokka,-31.89,115.43,2025
Quokka,-35.04,116.77,2025
Quokka,-31.93,115.41,2025
Quokka,-32.19,115.56,2024
Quokka,-32.04,115.6,2022
Quokka,-31.81,115.41,2022
Quokka,-31.82,115.59,2025
Quokka,-31.85,115.57,2024
Quokka,-32.12,115.55,2024
Quokka,-34.99,116.79,2025
Quokka,-31.93,115.47,2023
Quokka,-31.9,115.43,2024
Quokka,-31.91,115.54,2022
Quokka,-32.04,115.46,2022
Quokka,-34.75,116.72,2024
Quokka,-34.05,115.85,2023
Quokka,-35.15,116.65,2025
Quokka,-31.97,115.55,2022
Quokka,-31.93,115.56,2024
Quokka,-31.9,115.58,2023
Quokka,-31.83,115.43,2024
Quokka,-34.05,115.87,2023
Quokka,-32.01,115.44,2024
Quokka,-34.06,115.85,2023
Quokka,-34.6,116.74,2024
Quokka,-32.0,115.5,2023
Quokka,-34.9,116.72,2025
Quokka,-31.82,115.53,2022
Quokka,-34.87,116.61,2025
Quokka,-31.92,115.54,2025
Quokka,-34.73,116.66,2024
Quokka,-31.98,115.56,2022
Quokka,-31.81,115.57,2025
Quokka,-32.15,115.57,2022
Quokka,-34.81,116.91,2023
Quokka,-31.86,115.54,2024
Quokka,-31.82,115.47,2025
Quokka,-31.84,115.46,2025
Quokka,-31.88,115.56,2023
Quokka,-32.11,115.56,2022
Quokka,-31.96,115.54,2022
Quokka,-34.72,116.68,2024
Quokka,-31.99,115.59,2025
Quokka,-34.66,116.72,2024
Quokka,-34.86,116.65,2025
Quokka,-31.99,115.53,2025
Quokka,-31.91,115.52,2022
Quokka,-31.91,115.5,2024
Quokka,-31.89,115.43,2024
Quokka,-32.19,115.44,2023
Quokka,-31.94,115.49,2024
Quokka,-31.82,115.55,2025
Quokka,-31.97,115.58,2024
Quokka,-31.89,115.58,2023
Quokka,-32.05,115.41,2021
Quokka,-32.04,115.45,2023
Quokka,-31.82,115.46,2021
Quokka,-35.2,116.73,2025
Quokka,-34.88,116.78,2025
Quokka,-31.92,115.51,2024
Quokka,-31.84,115.4,2025
Quokka,-34.96,116.66,2025
Quokka,-31.91,115.49,2022
Quokka,-31.81,115.49,2025
Quokka,-31.85,115.43,2022
Quokka,-31.98,115.4,2025
Quokka,-32.19,115.4,2025
Quokka,-31.93,115.58,2024
Quokka,-31.85,115.55,2025
Quokka,-31.84,115.43,2022
Quokka,-31.95,115.57,2024
Quokka,-32.0,115.46,2025
Quokka,-31.99,115.5,2022
Quokka,-31.8,115.47,2025
Quokka,-34.9,118.11,2025
Quokka,-32.49,116.16,2024
Quokka,-34.83,116.76,2025
Quokka,-31.81,115.59,2024
Quokka,-32.05,115.53,2023
Quokka,-34.98,116.96,2024
Quokka,-31.97,115.59,2025
Quokka,-32.0,115.59,2022
Quokka,-31.83,115.48,2024
Quokka,-31.98,115.53,2023
Quokka,-34.97,116.71,2025
Quokka,-31.89,115.55,2024
Quokka,-31.84,115.59,2025
Quokka,-31.93,115.47,2025
Quokka,-31.83,115.5,2023
Quokka,-34.88,118.23,2025
Quokka,-32.17,115.43,2024
Quokka,-32.05,115.55,2024
Quokka,-35.19,116.6,2025
Quokka,-31.91,115.51,2022
Quokka,-31.84,115.52,2023
Quokka,-31.85,115.53,2022
Quokka,-32.11,115.59,2021
Quokka,-34.76,116.75,2024
Quokka,-34.78,116.74,2024
Quokka,-31.84,115.58,2025
Quokka,-31.84,115.52,2024
Quokka,-31.83,115.44,2025
Quokka,-31.81,115.44,2022
Quokka,-31.91,115.41,2022
Quokka,-31.96,115.58,2025
Quokka,-31.96,115.54,2022
Quokka,-31.86,115.49,2022
Quokka,-32.0,115.54,2025
Quokka,-31.81,115.43,2024
Quokka,-31.98,115.44,2023
Quokka,-34.86,118.16,2025
Quokka,-32.0,115.5,2021
Quokka,-31.98,115.53,2024
Quokka,-31.83,115.5,2022
Quokka,-31.9,115.58,2025
Quokka,-31.89,115.56,2024
Quokka,-31.95,115.57,2024
Quokka,-31.85,115.45,2022
Quokka,-34.81,116.76,2025
Quokka,-31.9,115.5,2023
Quokka,-32.0,115.54,2023
Quokka,-31.84,115.58,2021
Quokka,-31.95,115.43,2025
Quokka,-35.14,116.66,2025
Quokka,-34.85,116.79,2025
Quokka,-31.81,115.44,2023
Quokka,-31.8,115.58,2024
Quokka,-32.01,115.51,2025
Quokka,-35.13,116.6,2025
Quokka,-34.95,116.78,2025
Quokka,-32.18,115.49,2022
Quokka,-34.89,118.13,2025
Quokka,-31.92,115.5,2025
Quokka,-34.91,116.64,2025
Quokka,-31.97,115.59,2025
Quokka,-31.93,115.43,2024
Quokka,-34.93,118.29,2023
Quokka,-31.98,115.59,2024
Quokka,-31.86,115.47,2024
Quokka,-31.92,115.5,2023
Quokka,-31.97,115.54,2022
Quokka,-31.9,115.58,2024
Quokka,-32.04,115.59,2025
Quokka,-32.01,115.5,2025
Quokka,-31.83,115.51,2022
Quokka,-31.98,115.58,2023
Quokka,-31.87,115.48,2025
Quokka,-31.89,115.51,2023
Quokka,-34.63,116.65,2024
Quokka,-34.92,116.93,2023
Quokka,-34.98,116.65,2022
Quokka,-34.97,116.61,2025
Quokka,-34.81,116.61,2025
Tasmanian devil,-43.04,147.11,2025
Tasmanian devil,-40.8,144.72,2023
Tasmanian devil,-41.53,146.07,2025
Tasmanian devil,-42.9,147.27,2025
Tasmanian devil,-42.63,148.04,2024
Tasmanian devil,-41.82,146.08,2024
Tasmanian devil,-43.04,147.11,2024
Tasmanian devil,-41.41,145.98,2024
Tasmanian devil,-43.57,146.91,2025
Tasmanian devil,-42.71,147.1,2023
Tasmanian devil,-42.41,147.11,2025
Tasmanian devil,-43.19,147.85,2022
Tasmanian devil,-41.55,146.36,2025
Tasmanian devil,-41.09,146.74,2025
Tasmanian devil,-41.46,146.27,2024
Tasmanian devil,-43.06,147.11,2025
Tasmanian devil,-41.69,146.59,2023
Tasmanian devil,-40.78,144.88,2024
Tasmanian devil,-41.4,145.94,2024
Tasmanian devil,-43.02,147.72,2025
Tasmanian devil,-42.12,145.31,2024
Tasmanian devil,-41.28,146.21,2025
Tasmanian devil,-41.2,146.03,2024
Tasmanian devil,-43.15,147.76,2025
Tasmanian devil,-42.82,147.67,2025
Tasmanian devil,-42.58,148.07,2025
Tasmanian devil,-41.68,146.45,2025
Tasmanian devil,-42.59,148.08,2025
Tasmanian devil,-41.81,146.93,2025
Tasmanian devil,-42.99,147.92,2023
Tasmanian devil,-42.67,146.57,2024
Tasmanian devil,-41.41,145.98,2023
Tasmanian devil,-43.58,146.9,2023
Tasmanian devil,-41.41,145.98,2023
Tasmanian devil,-41.6,145.93,2024
Tasmanian devil,-42.03,148.22,2025
Tasmanian devil,-42.15,146.54,2024
Tasmanian devil,-41.83,146.04,2025
Tasmanian devil,-42.83,147.5,2025
Tasmanian devil,-41.51,147.64,2023
Tasmanian devil,-41.46,147.08,2025
Tasmanian devil,-42.64,148.05,2024
Tasmanian devil,-41.41,145.96,2024
Tasmanian devil,-41.4,145.94,2022
Tasmanian devil,-42.9,147.82,2022
Tasmanian devil,-42.15,148.27,2025
Tasmanian devil,-41.22,146.03,2024
Tasmanian devil,-42.84,147.19,2021
Tasmanian devil,-43.09,147.73,2024
Tasmanian devil,-41.36,147.0,2025
Tasmanian devil,-42.57,147.22,2024
Tasmanian devil,-41.4,145.93,2023
Tasmanian devil,-41.41,145.98,2024
Tasmanian devil,-42.14,145.36,2021
Tasmanian devil,-41.48,147.15,2025
Tasmanian devil,-41.41,145.98,2022
Tasmanian devil,-41.62,145.95,2025
Tasmanian devil,-41.37,146.05,2025
Tasmanian devil,-41.26,147.23,2024
Tasmanian devil,-41.41,145.98,2025
Tasmanian devil,-43.58,146.9,2025
Tasmanian devil,-41.22,146.03,2024
Tasmanian devil,-41.4,145.96,2023
Tasmanian devil,-41.12,145.89,2024
Tasmanian devil,-42.84,147.19,2021
Tasmanian devil,-42.85,147.23,2021
Tasmanian devil,-43.2,147.85,2025
Tasmanian devil,-41.15,146.59,2024
Tasmanian devil,-43.1,147.77,2023
Tasmanian devil,-43.21,147.97,2021
Tasmanian devil,-41.5,145.51,2021
Tasmanian devil,-43.06,147.26,2025
Tasmanian devil,-42.7,147.74,2025
Tasmanian devil,-41.58,145.64,2021
Tasmanian devil,-42.84,147.22,2024
Tasmanian devil,-42.9,147.81,2023
Tasmanian devil,-42.22,148.02,2025
Tasmanian devil,-41.37,146.05,2025
Tasmanian devil,-41.69,146.83,2024
Tasmanian devil,-42.93,147.29,2021
Tasmanian devil,-41.88,146.69,2024
Tasmanian devil,-42.77,147.6,2024
Tasmanian devil,-42.88,147.29,2025
Tasmanian devil,-41.37,146.04,2025
Tasmanian devil,-41.76,146.69,2025
Tasmanian devil,-42.75,146.65,2024
Tasmanian devil,-42.58,148.08,2025
Tasmanian devil,-41.19,147.24,2024
Tasmanian devil,-41.41,145.98,2022
Tasmanian devil,-42.96,147.89,2022
Tasmanian devil,-42.69,146.72,2024
Tasmanian devil,-41.45,146.0,2025
Tasmanian devil,-41.97,148.38,2025
Tasmanian devil,-42.84,147.22,2021
Tasmanian devil,-43.06,147.76,2023
Tasmanian devil,-41.42,145.98,2023
Tasmanian devil,-41.41,145.98,2023
Tasmanian devil,-42.09,146.52,2025
Tasmanian devil,-42.47,146.6,2025
Tasmanian devil,-42.9,147.3,2021
Tasmanian devil,-41.59,145.92,2025
Tasmanian devil,-41.08,146.73,2024
Tasmanian devil,-42.61,147.28,2025
Tasmanian devil,-42.93,147.29,2021
Tasmanian devil,-42.59,148.05,2025
Tasmanian devil,-41.7,146.75,2024
Tasmanian devil,-41.39,145.86,2022
Tasmanian devil,-41.59,145.93,2025
Tasmanian devil,-41.4,145.93,2022
Tasmanian devil,-43.04,147.2,2024
Tasmanian devil,-41.09,146.74,2025
Tasmanian devil,-42.08,148.21,2024
Tasmanian devil,-41.14,146.62,2023
Tasmanian devil,-41.41,145.98,2024
Tasmanian devil,-41.59,145.93,2024
Tasmanian devil,-42.88,147.22,2025
Tasmanian devil,-42.59,148.05,2025
Tasmanian devil,-40.87,147.75,2024
Tasmanian devil,-42.13,146.5,2025
Tasmanian devil,-41.54,148.2,2024
Tasmanian devil,-42.2,146.86,2025
Tasmanian devil,-41.4,145.93,2022
Tasmanian devil,-43.58,146.89,2023
Tasmanian devil,-41.41,145.98,2022
Tasmanian devil,-42.84,147.22,2021
Tasmanian devil,-41.8,146.1,2024
Tasmanian devil,-41.41,145.98,2022
Tasmanian devil,-42.93,147.29,2021
Tasmanian devil,-31.8,151.48,2025
Tasmanian devil,-43.04,147.11,2025
Tasmanian devil,-41.59,145.93,2022
Tasmanian devil,-42.94,147.12,2021
Tasmanian devil,-41.54,148.2,2024
Tasmanian devil,-41.64,146.39,2024
Tasmanian devil,-42.88,147.24,2024
Tasmanian devil,-42.0,146.75,2025
Tasmanian devil,-41.34,146.36,2025
Tasmanian devil,-43.04,147.95,2025
Tasmanian devil,-42.41,145.24,2024
Tasmanian devil,-41.41,145.98,2023
Tasmanian devil,-41.39,145.91,2022
Tasmanian devil,-42.99,147.93,2024
Tasmanian devil,-41.08,146.73,2025
Tasmanian devil,-41.26,147.23,2024
Tasmanian devil,-42.85,147.23,2021
Tasmanian devil,-41.65,148.05,2021
Tasmanian devil,-42.58,148.06,2025
Tasmanian devil,-42.53,147.65,2021
Tasmanian devil,-41.45,146.0,2024
Tasmanian devil,-41.91,145.81,2024
Tasmanian devil,-41.41,145.98,2022
Tasmanian devil,-41.59,145.93,2024
Tasmanian devil,-42.4,147.06,2025
Tasmanian devil,-42.47,146.6,2023
Tasmanian devil,-42.7,145.57,2025
Tasmanian devil,-41.72,146.87,2025
Tasmanian devil,-41.19,146.56,2025
Tasmanian devil,-42.93,147.96,2024
Tasmanian devil,-43.31,146.86,2024
Tasmanian devil,-42.9,147.27,2022
Tasmanian devil,-41.68,147.89,2024
Tasmanian devil,-42.58,148.07,2024
Tasmanian devil,-42.66,148.04,2024
Tasmanian devil,-41.0,144.67,2021
Tasmanian devil,-41.17,146.01,2021
Tasmanian devil,-42.08,148.21,2025
Tasmanian devil,-42.68,146.59,2025
Tasmanian devil,-42.82,146.69,2024
Tasmanian devil,-43.43,146.98,2022
Tasmanian devil,-42.91,147.82,2024
Tasmanian devil,-41.42,145.98,2023
Tasmanian devil,-43.14,147.06,2025
Tasmanian devil,-41.41,145.98,2024
Tasmanian devil,-41.39,145.91,2022
Tasmanian devil,-42.58,148.06,2025
Tasmanian devil,-42.59,148.06,2025
Tasmanian devil,-42.58,148.07,2025
Tasmanian devil,-42.56,146.71,2023
Tasmanian devil,-42.95,147.34,2021
Tasmanian devil,-41.85,146.56,2024
Tasmanian devil,-41.86,146.69,2024
Tasmanian devil,-41.39,145.91,2022
Tasmanian devil,-41.98,146.1,2025
Tasmanian devil,-42.7,146.71,2025
Tasmanian devil,-41.15,146.61,2025
Tasmanian devil,-43.19,147.95,2022
Tasmanian devil,-41.9,146.67,2025
Tasmanian devil,-41.39,145.92,2024
Tasmanian devil,-42.84,147.19,2021
Tasmanian devil,-41.53,146.07,2025
Tasmanian devil,-41.65,145.08,2025
Tasmanian devil,-43.05,147.89,2025
Tasmanian devil,-41.37,146.05,2025
Tasmanian devil,-42.59,148.08,2024
Tasmanian devil,-40.84,147.99,2025
Tasmanian devil,-41.33,146.14,2024
Tasmanian devil,-42.99,147.21,2025
Tasmanian devil,-42.29,146.46,2022
Tasmanian devil,-41.53,146.07,2025
Tasmanian devil,-40.88,145.49,2024
Tasmanian devil,-43.27,145.9,2023
Tasmanian devil,-42.65,148.05,2022
Tasmanian devil,-41.67,146.65,2023
Tasmanian devil,-41.39,145.91,2022
Tasmanian devil,-42.59,146.88,2022
Tasmanian devil,-42.69,147.27,2024
Tasmanian devil,-41.7,146.54,2021
Tasmanian devil,-42.91,147.28,2023
Tasmanian devil,-42.97,147.33,2023
Tasmanian devil,-41.41,145.98,2025
Tasmanian devil,-42.93,147.36,2021
Tasmanian devil,-42.14,145.27,2021
Tasmanian devil,-42.13,147.66,2024
Tasmanian devil,-43.58,146.9,2025
Tasmanian devil,-42.4,147.06,2025
Tasmanian devil,-41.45,146.0,2024
Tasmanian devil,-41.4,145.92,2022
Tasmanian devil,-41.85,148.26,2025
Tasmanian devil,-43.04,146.28,2023
Tasmanian devil,-42.84,147.2,2022
Tasmanian devil,-41.15,146.6,2025
Tasmanian devil,-43.03,147.93,2025
Tasmanian devil,-43.04,147.11,2025
Tasmanian devil,-41.81,145.04,2024
Tasmanian devil,-41.53,146.07,2025
Tasmanian devil,-41.54,148.2,2024
Tasmanian devil,-41.39,145.87,2022
Tasmanian devil,-43.04,147.11,2025
Tasmanian devil,-41.51,146.38,2025
Tasmanian devil,-43.04,147.77,2024
Tasmanian devil,-41.59,145.93,2024
Tasmanian devil,-42.58,148.07,2024
Tasmanian devil,-41.37,146.05,2025
Tasmanian devil,-41.4,145.92,2023
Tasmanian devil,-41.09,146.74,2025
Tasmanian devil,-41.58,145.85,2025
Tasmanian devil,-41.37,146.04,2025
Tasmanian devil,-43.57,146.91,2025
Tasmanian devil,-43.06,147.65,2025
Tasmanian devil,-43.38,146.89,2022
Tasmanian devil,-42.85,147.22,2024
Tasmanian devil,-41.14,147.73,2025
Tasmanian devil,-41.41,145.98,2024
Tasmanian devil,-42.48,147.54,2022
Tasmanian devil,-41.55,145.78,2023
Tasmanian devil,-42.14,145.36,2021
Tasmanian devil,-42.48,147.54,2025
Tasmanian devil,-42.03,148.22,2025
Tasmanian devil,-43.58,146.89,2023
Tasmanian devil,-41.4,145.92,2023
Tasmanian devil,-40.94,145.35,2023
Tasmanian devil,-42.68,146.65,2025
Tasmanian devil,-42.67,147.36,2025
Tasmanian devil,-41.91,146.11,2025
Tasmanian devil,-41.51,145.99,2025
Tasmanian devil,-42.87,147.2,2021
Tasmanian devil,-41.4,145.59,2021
Tasmanian devil,-42.85,147.18,2021
Tasmanian devil,-41.48,147.15,2023
Tasmanian devil,-41.41,145.96,2024
Tasmanian devil,-41.84,146.58,2022
Tasmanian devil,-43.04,147.11,2025
Tasmanian devil,-42.58,148.06,2024
Tasmanian devil,-41.53,145.94,2025
Tasmanian devil,-42.51,147.67,2024
Tasmanian devil,-41.45,146.0,2025
Tasmanian devil,-41.45,146.22,2024
Tasmanian devil,-41.14,146.61,2024
Tasmanian devil,-42.66,146.59,2023
Tasmanian devil,-42.94,147.21,2025
Tasmanian devil,-41.41,145.98,2024
Tasmanian devil,-43.04,147.11,2024
Tasmanian devil,-43.17,147.1,2022
Tasmanian devil,-42.93,147.29,2021
Tasmanian devil,-43.43,146.9,2021
Tasmanian devil,-42.84,146.98,2023
Tasmanian devil,-42.59,148.05,2025
Tasmanian devil,-41.39,145.92,2024
Tasmanian devil,-41.53,147.41,2021
Tasmanian devil,-42.84,147.22,2025
Tasmanian devil,-41.51,146.07,2024
Tasmanian devil,-41.32,146.73,2021
Tasmanian devil,-42.88,147.29,2025
Tasmanian devil,-41.84,146.57,2024
Tasmanian devil,-42.46,147.32,2025
Tasmanian devil,-41.14,144.69,2021
Tasmanian devil,-41.22,146.03,2024
Tasmanian devil,-42.66,148.04,2024
Tasmanian devil,-41.41,145.97,2023
Tasmanian devil,-42.23,148.29,2023
Tasmanian devil,-42.97,147.91,2025
Tasmanian devil,-43.04,147.11,2025
Tasmanian devil,-40.91,148.2,2024
Tasmanian devil,-41.4,145.93,2022
Tasmanian devil,-42.58,148.08,2025
Tasmanian devil,-41.54,148.2,2024
Tasmanian devil,-43.13,147.01,2024
Tasmanian devil,-42.47,146.6,2025
Tasmanian devil,-43.45,146.9,2024
Tasmanian devil,-41.46,145.39,2024
Tasmanian devil,-42.58,148.07,2024
Tasmanian devil,-42.06,148.25,2021
Tasmanian devil,-42.22,146.14,2021
Tasmanian devil,-41.37,146.04,2025
Tasmanian devil,-41.41,145.96,2024
Tasmanian devil,-41.29,147.36,2024
Tasmanian devil,-41.47,145.31,2023
Tasmanian devil,-41.37,146.03,2025
Tasmanian devil,-42.58,148.06,2024
Tasmanian devil,-40.9,144.72,2025
Tasmanian devil,-43.12,147.91,2024
Tasmanian devil,-42.9,147.27,2022
Tasmanian devil,-43.09,147.7,2023
Tasmanian devil,-41.2,144.79,2025
Tasmanian devil,-42.19,147.39,2024
Tasmanian devil,-41.65,145.08,2023
Tasmanian devil,-41.64,146.97,2024
Tasmanian devil,-41.91,147.08,2021
Tasmanian devil,-40.97,147.94,2024
Tasmanian devil,-43.06,147.83,2025
Tasmanian devil,-42.67,147.53,2024
Tasmanian devil,-41.08,146.73,2023
Tasmanian devil,-41.9,147.87,2022
Tasmanian devil,-42.14,145.27,2021
Tasmanian devil,-42.95,147.23,2022
Tasmanian devil,-41.77,145.58,2021
Tasmanian devil,-41.33,147.19,2025
Tasmanian devil,-42.84,147.22,2022
Tasmanian devil,-42.98,147.19,2023
Tasmanian devil,-42.78,147.41,2023
Tasmanian devil,-42.32,147.39,2024
Tasmanian devil,-40.95,144.81,2022
Tasmanian devil,-43.12,147.66,2022
Tasmanian devil,-41.11,147.83,2021
Tasmanian devil,-41.41,145.96,2023
Tasmanian devil,-42.57,146.7,2024
Tasmanian devil,-42.58,148.07,2024
Tasmanian devil,-41.22,146.03,2024
Tasmanian devil,-42.58,148.06,2025
Tasmanian devil,-42.08,148.21,2024
Tasmanian devil,-41.39,145.86,2022
Tasmanian devil,-41.17,148.07,2022
Tasmanian devil,-41.04,144.67,2021
Tasmanian devil,-41.66,146.73,2025
Tasmanian devil,-42.11,146.17,2021
Tasmanian devil,-41.05,144.67,2023
Tasmanian devil,-42.29,146.45,2023
Tasmanian devil,-41.07,145.46,2025
Tasmanian devil,-42.86,147.21,2023
Tasmanian devil,-42.89,147.3,2024
Tasmanian devil,-42.85,147.25,2021
Tasmanian devil,-41.4,145.94,2022
Tasmanian devil,-41.41,145.98,2023
Tasmanian devil,-41.35,147.0,2025
Tasmanian devil,-42.37,147.17,2022
Tasmanian devil,-41.41,145.96,2024
Tasmanian devil,-42.91,147.28,2023
Tasmanian devil,-41.44,147.08,2025
Tasmanian devil,-42.89,147.25,2025
Tasmanian devil,-43.09,147.73,2023
Tasmanian devil,-41.39,145.92,2024
Tasmanian devil,-41.41,145.97,2023
Tasmanian devil,-43.05,147.66,2025
Tasmanian devil,-40.95,144.81,2022
Tasmanian devil,-41.45,146.0,2024
Tasmanian devil,-42.58,148.07,2024
Tasmanian devil,-41.05,144.67,2023
Tasmanian devil,-43.2,147.96,2025
Tasmanian devil,-42.63,148.04,2024
Tasmanian devil,-42.39,147.04,2023
Tasmanian devil,-43.15,147.66,2023
Tasmanian devil,-41.37,146.05,2025
Tasmanian devil,-41.41,145.96,2025
Tasmanian devil,-42.14,145.28,2021
Tasmanian devil,-43.18,147.95,2024
Tasmanian devil,-41.41,145.98,2024
Tasmanian devil,-42.58,148.07,2025
Tasmanian devil,-42.11,146.16,2021
Tasmanian devil,-41.41,146.17,2023
Tasmanian devil,-42.67,148.07,2024
Tasmanian devil,-42.54,147.91,2025
Tasmanian devil,-41.68,147.64,2024
Tasmanian devil,-42.58,148.07,2024
Tasmanian devil,-41.5,145.53,2021
Tasmanian devil,-41.72,145.45,2024
Tasmanian devil,-42.25,145.2,2024
Tasmanian devil,-42.47,146.6,2025
Tasmanian devil,-41.66,145.96,2021
Tasmanian devil,-42.68,146.65,2025
Tasmanian devil,-41.15,146.61,2024
Tasmanian devil,-42.92,147.83,2024
Tasmanian devil,-42.66,148.04,2024
Tasmanian devil,-42.14,145.32,2024
Tasmanian devil,-42.85,147.08,2022
Tasmanian devil,-43.0,146.83,2022
Tasmanian devil,-42.17,147.65,2025
Tasmanian devil,-42.02,145.27,2022
Tasmanian devil,-40.95,148.02,2025
Tasmanian devil,-42.63,148.04,2024
Tasmanian devil,-42.5,147.92,2024
Tasmanian devil,-41.88,146.43,2024
Tasmanian devil,-41.41,145.96,2024
Tasmanian devil,-42.84,147.22,2024
Tasmanian devil,-41.37,146.03,2025
Tasmanian devil,-41.48,146.83,2025
Tasmanian devil,-41.41,145.98,2024
Tasmanian devil,-43.07,147.23,2022
Tasmanian devil,-42.58,148.06,2022
Tasmanian devil,-42.68,147.26,2025
Tasmanian devil,-43.09,147.73,2024
Tasmanian devil,-41.47,145.31,2023
Tasmanian devil,-42.7,147.49,2025
Tasmanian devil,-42.67,146.65,2025
Tasmanian devil,-42.4,147.09,2025
Tasmanian devil,-41.33,148.34,2025
Tasmanian devil,-41.37,146.05,2025
Tasmanian devil,-41.41,145.98,2024
Tasmanian devil,-42.58,148.07,2024
Tasmanian devil,-43.18,147.07,2024
Tasmanian devil,-42.41,147.93,2024
Tasmanian devil,-41.84,146.57,2024
Tasmanian devil,-41.38,146.06,2025
Tasmanian devil,-42.73,147.86,2025
Tasmanian devil,-41.59,145.93,2021
Tasmanian devil,-41.98,145.38,2025
Tasmanian devil,-41.41,145.98,2023
Tasmanian devil,-41.51,146.36,2025
Tasmanian devil,-41.19,146.35,2023
Tasmanian devil,-42.82,147.67,2021
Tasmanian devil,-42.85,147.23,2021
Tasmanian devil,-41.04,144.64,2021
Tasmanian devil,-41.53,145.95,2022
Tasmanian devil,-41.68,146.58,2023
Tasmanian devil,-41.92,146.49,2023
Tasmanian devil,-41.68,146.47,2023
Tasmanian devil,-42.88,147.26,2021
Tasmanian devil,-41.4,145.96,2023
Tasmanian devil,-43.17,146.91,2024
Tasmanian devil,-42.85,147.23,2021
Tasmanian devil,-41.57,145.92,2025
Tasmanian devil,-42.94,147.21,2025
Tasmanian devil,-41.89,145.46,2024
Tasmanian devil,-41.46,147.07,2022
Tasmanian devil,-41.5,145.84,2023
Tasmanian devil,-41.39,145.86,2022
Tasmanian devil,-41.53,147.41,2021
Tasmanian devil,-41.25,146.25,2023
Tasmanian devil,-42.58,148.06,2025
Tasmanian devil,-42.85,147.18,2021
Tasmanian devil,-41.39,146.05,2024
Tasmanian devil,-42.2,145.18,2021
Tasmanian devil,-42.21,145.98,2021
Tasmanian devil,-42.95,146.79,2023
Tasmanian devil,-41.42,145.98,2025
Tasmanian devil,-42.68,146.59,2023
Tasmanian devil,-41.16,146.62,2025
Tasmanian devil,-41.55,145.78,2023
Tasmanian devil,-42.74,147.91,2025
Tasmanian devil,-41.26,147.23,2023
Tasmanian devil,-42.84,147.2,2022
Tasmanian devil,-43.04,147.94,2024
Tasmanian devil,-41.46,147.07,2025
Tasmanian devil,-41.53,146.31,2025
Tasmanian devil,-40.8,144.72,2024
Tasmanian devil,-42.99,147.69,2025
Tasmanian devil,-41.56,145.78,2023
Tasmanian devil,-42.56,147.83,2025
Tasmanian devil,-42.72,146.86,2022
Tasmanian devil,-41.63,146.68,2023
Tasmanian devil,-42.86,147.21,2025
Tasmanian devil,-41.54,145.98,2025
Tasmanian devil,-42.88,147.16,2023
Tasmanian devil,-41.41,145.98,2023
Tasmanian devil,-41.48,146.25,2025
Tasmanian devil,-43.04,147.2,2024
Tasmanian devil,-41.46,146.28,2024
Tasmanian devil,-41.41,145.98,2023
Tasmanian devil,-43.18,147.02,2022
Tasmanian devil,-41.37,146.05,2025
Tasmanian devil,-41.37,146.04,2025
Tasmanian devil,-41.51,147.63,2023
Tasmanian devil,-40.99,144.89,2023
Tasmanian devil,-42.79,147.32,2024
Tasmanian devil,-41.58,145.93,2025
Tasmanian devil,-41.8,147.1,2022
Tasmanian devil,-41.37,146.04,2025
Tasmanian devil,-41.84,146.57,2022
Little penguin,-38.52,145.14,2024
Little penguin,-38.52,145.12,2023
Little penguin,-41.06,146.79,2024
Little penguin,-35.72,137.94,2025
Little penguin,-37.07,149.91,2023
Little penguin,-38.51,145.15,2023
Little penguin,-39.97,143.88,2021
Little penguin,-35.59,137.51,2025
Little penguin,-33.8,151.27,2023
Little penguin,-35.15,138.47,2025
Little penguin,-41.86,148.28,2024
Little penguin,-35.65,137.64,2024
Little penguin,-35.59,137.5,2024
Little penguin,-38.52,145.12,2024
Little penguin,-37.86,144.97,2024
Little penguin,-35.72,137.93,2024
Little penguin,-35.59,137.51,2025
Little penguin,-40.48,148.05,2023
Little penguin,-41.06,146.79,2024
Little penguin,-38.86,146.0,2021
Little penguin,-38.52,145.12,2023
Little penguin,-35.59,137.51,2023
Little penguin,-37.86,144.97,2022
Little penguin,-37.86,144.96,2025
Little penguin,-36.0,137.19,2023
Little penguin,-35.62,137.21,2023
Little penguin,-38.66,143.1,2023
Little penguin,-38.5,145.26,2022
Little penguin,-38.51,145.15,2024
Little penguin,-35.72,137.94,2024
Little penguin,-36.43,150.04,2024
Little penguin,-39.69,147.91,2023
Little penguin,-41.87,148.29,2024
Little penguin,-38.52,145.13,2024
Little penguin,-35.72,137.94,2024
Little penguin,-38.52,145.12,2022
Little penguin,-40.78,147.95,2022
Little penguin,-32.31,115.69,2024
Little penguin,-41.13,146.55,2024
Little penguin,-38.51,145.15,2022
Little penguin,-34.42,150.91,2025
Little penguin,-33.86,151.26,2023
Little penguin,-35.59,137.5,2024
Little penguin,-35.84,138.13,2024
Little penguin,-38.49,144.89,2023
Little penguin,-34.7,135.91,2024
Little penguin,-35.82,150.19,2021
Little penguin,-35.59,137.51,2023
Little penguin,-35.72,137.94,2023
Little penguin,-43.27,147.35,2022
Little penguin,-35.72,137.94,2025
Little penguin,-35.55,138.87,2021
Little penguin,-33.82,151.29,2025
Little penguin,-35.66,137.64,2025
Little penguin,-40.73,146.12,2022
Little penguin,-35.72,137.94,2025
Little penguin,-35.78,138.07,2024
Little penguin,-38.52,145.12,2022
Little penguin,-34.42,119.41,2024
Little penguin,-38.52,145.31,2024
Little penguin,-41.1,145.98,2025
Little penguin,-41.86,148.28,2024
Little penguin,-38.55,145.35,2023
Little penguin,-37.86,144.88,2024
Little penguin,-34.02,123.29,2022
Little penguin,-41.05,145.9,2023
Little penguin,-38.52,145.12,2024
Little penguin,-43.27,147.35,2024
Little penguin,-35.65,137.64,2025
Little penguin,-38.52,145.12,2022
Little penguin,-35.72,137.94,2024
Little penguin,-31.62,129.53,2024
Little penguin,-43.09,148.32,2022
Little penguin,-34.14,151.11,2022
Little penguin,-35.58,137.5,2024
Little penguin,-38.3,144.99,2025
Little penguin,-38.62,142.93,2023
Little penguin,-35.84,138.13,2025
Little penguin,-34.7,135.92,2025
Little penguin,-43.27,147.35,2022
Little penguin,-35.59,137.5,2024
Little penguin,-35.59,137.51,2023
Little penguin,-38.51,145.13,2024
Little penguin,-38.51,145.15,2022
Little penguin,-35.72,137.93,2023
Little penguin,-36.0,137.19,2023
Little penguin,-38.26,144.68,2021
Little penguin,-33.41,151.47,2022
Little penguin,-32.61,152.31,2025
Little penguin,-33.8,151.25,2023
Little penguin,-41.86,148.28,2024
Little penguin,-38.51,145.17,2025
Little penguin,-35.65,137.64,2024
Little penguin,-35.59,137.51,2023
Little penguin,-35.59,137.5,2025
Little penguin,-38.52,145.12,2024
Little penguin,-43.13,147.28,2021
Little penguin,-43.07,148.0,2024
Little penguin,-38.52,145.12,2024
Little penguin,-35.78,138.07,2023
Little penguin,-35.62,137.2,2023
Little penguin,-35.78,138.07,2025
Little penguin,-35.55,138.88,2025
Little penguin,-38.51,145.15,2023
Little penguin,-43.13,147.28,2021
Little penguin,-35.62,137.2,2024
Little penguin,-38.29,144.47,2021
Little penguin,-38.52,145.12,2023
Little penguin,-43.02,147.93,2021
Little penguin,-33.62,134.84,2021
Little penguin,-38.51,145.15,2023
Little penguin,-32.31,115.69,2022
Little penguin,-34.7,135.91,2024
Little penguin,-38.52,145.12,2023
Little penguin,-35.66,137.64,2024
Little penguin,-35.78,138.07,2025
Little penguin,-35.72,137.94,2023
Little penguin,-32.71,152.23,2025
Little penguin,-35.73,150.21,2025
Little penguin,-39.04,146.32,2025
Little penguin,-40.1,147.89,2024
Little penguin,-38.51,145.15,2021
Little penguin,-35.59,137.5,2024
Little penguin,-41.87,148.31,2022
Little penguin,-35.72,137.93,2024
Little penguin,-41.1,145.98,2023
Little penguin,-38.52,145.12,2024
Little penguin,-35.59,137.5,2025
Little penguin,-33.81,151.25,2023
Little penguin,-38.52,145.12,2023
Little penguin,-38.51,145.15,2024
Little penguin,-38.52,145.12,2024
Little penguin,-35.72,137.93,2025
Little penguin,-43.09,148.32,2023
Little penguin,-35.72,137.93,2024
Little penguin,-41.16,146.29,2023
Little penguin,-35.65,137.64,2025
Little penguin,-41.09,146.03,2022
Little penguin,-35.72,137.94,2023
Little penguin,-38.51,145.13,2021
Little penguin,-33.09,151.64,2022
Little penguin,-38.51,145.15,2024
Little penguin,-40.38,144.66,2022
Little penguin,-37.6,149.73,2022
Little penguin,-40.76,145.29,2021
Little penguin,-35.59,137.5,2024
Little penguin,-35.72,137.94,2025
Little penguin,-36.0,137.19,2024
Little penguin,-38.52,145.14,2024
Little penguin,-40.76,145.29,2021
Little penguin,-38.51,145.15,2024
Little penguin,-38.51,145.14,2025
Little penguin,-41.88,148.31,2024
Little penguin,-41.85,148.27,2024
Little penguin,-35.56,138.63,2021
Little penguin,-38.52,145.12,2024
Little penguin,-38.51,145.15,2023
Little penguin,-40.9,145.58,2022
Little penguin,-35.59,137.54,2025
Little penguin,-38.34,144.75,2024
Little penguin,-34.85,138.48,2022
Little penguin,-38.51,145.17,2022
Little penguin,-35.65,137.64,2024
Little penguin,-35.72,137.94,2023
Little penguin,-38.51,145.12,2023
Little penguin,-36.0,137.19,2023
Little penguin,-35.57,138.61,2025
Little penguin,-37.86,144.97,2025
Little penguin,-35.72,137.94,2023
Little penguin,-35.59,137.51,2024
Little penguin,-41.12,146.53,2023
Little penguin,-35.56,138.63,2023
Little penguin,-38.52,145.12,2024
Little penguin,-35.59,137.51,2025
Little penguin,-41.86,148.28,2025
Little penguin,-41.16,146.13,2021
Little penguin,-35.59,137.5,2023
Little penguin,-40.9,145.58,2021
Little penguin,-43.27,147.35,2025
Little penguin,-41.86,148.28,2022
Little penguin,-43.38,147.21,2024
Little penguin,-43.27,147.35,2023
Little penguin,-38.52,145.14,2024
Little penguin,-38.51,145.15,2023
Little penguin,-35.72,137.94,2023
Little penguin,-37.86,144.97,2025
Little penguin,-38.52,145.12,2024
Little penguin,-32.31,115.69,2023
Little penguin,-35.59,137.5,2023
Little penguin,-35.84,138.13,2025
Little penguin,-41.06,146.79,2025
Little penguin,-35.57,150.37,2024
Little penguin,-35.11,138.47,2025
Little penguin,-38.51,145.15,2024
Little penguin,-41.05,145.9,2023
Little penguin,-33.96,151.26,2021
Little penguin,-38.52,145.12,2022
Little penguin,-38.47,145.24,2023
Little penguin,-38.51,145.15,2024
Little penguin,-35.59,137.51,2025
Little penguin,-41.12,148.45,2024
Little penguin,-35.78,138.07,2025
Little penguin,-35.66,137.63,2025
Little penguin,-43.02,147.94,2021
Little penguin,-33.61,151.33,2023
Little penguin,-36.0,137.19,2024
Little penguin,-38.51,145.15,2024
Little penguin,-35.59,137.5,2024
Little penguin,-38.51,145.15,2022
Little penguin,-43.19,148.01,2024
Little penguin,-37.07,149.91,2023
Little penguin,-38.52,145.14,2021
Little penguin,-35.59,137.5,2025
Little penguin,-36.0,137.32,2023
Little penguin,-37.86,144.97,2022
Little penguin,-38.52,145.12,2024
Little penguin,-38.5,145.34,2024
Little penguin,-38.62,142.93,2023
Little penguin,-35.59,137.5,2024
Little penguin,-38.15,145.11,2021
Little penguin,-35.59,137.51,2023
Little penguin,-35.59,137.51,2025
Little penguin,-35.59,137.5,2025
Little penguin,-35.59,137.51,2025
Little penguin,-38.33,144.7,2024
Little penguin,-38.51,145.14,2025
Little penguin,-41.16,146.29,2021
Little penguin,-38.02,144.54,2023
Little penguin,-35.72,137.94,2024
Little penguin,-39.92,147.78,2021
Little penguin,-35.72,137.94,2025
Little penguin,-38.51,145.15,2022
Little penguin,-32.31,115.69,2022
Little penguin,-34.42,119.4,2022
Little penguin,-35.59,137.51,2024
Little penguin,-35.62,137.21,2023
Little penguin,-36.25,150.23,2023
Little penguin,-38.51,145.15,2023
Little penguin,-38.51,145.15,2022
Little penguin,-38.51,145.15,2021
Little penguin,-41.05,145.9,2025
Little penguin,-35.72,137.94,2025
Little penguin,-38.51,145.15,2023
Little penguin,-35.67,137.07,2024
Little penguin,-38.35,144.73,2024
Little penguin,-35.66,137.64,2025
Little penguin,-38.52,145.12,2023
Little penguin,-38.51,145.15,2024
Little penguin,-36.25,150.22,2024
Little penguin,-35.59,137.51,2024
Little penguin,-35.72,137.95,2023
Little penguin,-38.52,145.12,2025
Little penguin,-35.72,137.94,2023
Little penguin,-43.09,148.32,2024
Little penguin,-42.91,147.35,2024
Little penguin,-35.66,137.64,2025
Little penguin,-38.51,145.15,2024
Little penguin,-38.52,145.12,2023
Little penguin,-34.42,119.41,2024
Little penguin,-38.52,145.12,2024
Little penguin,-35.59,137.51,2025
Little penguin,-35.65,137.64,2024
Little penguin,-37.86,144.97,2021
Little penguin,-38.52,145.12,2024
Little penguin,-35.59,137.5,2023
Little penguin,-38.52,145.12,2024
Little penguin,-35.02,138.52,2025
Little penguin,-36.0,137.19,2025
Little penguin,-38.51,145.12,2025
Little penguin,-35.72,137.93,2025
Little penguin,-38.35,148.64,2023
Little penguin,-41.05,145.9,2022
Little penguin,-34.42,119.41,2024
Little penguin,-35.59,137.51,2022
Little penguin,-34.42,119.41,2023
Little penguin,-35.72,137.94,2025
Little penguin,-35.82,150.19,2022
Little penguin,-35.72,137.94,2025
Little penguin,-38.46,145.1,2024
Little penguin,-35.59,137.5,2023
Little penguin,-36.0,137.19,2024
Little penguin,-35.72,137.94,2025
Little penguin,-38.52,145.12,2023
Little penguin,-38.51,145.15,2023
Little penguin,-43.27,147.35,2023
Little penguin,-35.72,137.93,2025
Little penguin,-38.51,145.15,2023
Little penguin,-38.52,145.12,2023
Little penguin,-39.03,146.31,2024
Little penguin,-40.06,144.06,2023
Little penguin,-35.59,137.51,2025
Little penguin,-35.59,137.51,2024
Little penguin,-36.0,137.19,2025
Little penguin,-38.51,145.15,2024
Little penguin,-38.51,145.15,2023
Little penguin,-40.93,145.57,2025
Little penguin,-35.72,137.94,2025
Little penguin,-35.59,137.5,2023
Little penguin,-40.75,145.3,2023
Little penguin,-35.62,137.2,2025
Little penguin,-35.72,137.94,2025
Little penguin,-34.93,150.75,2022
Little penguin,-35.59,137.51,2023
Little penguin,-36.0,137.19,2023
Little penguin,-32.62,152.32,2021
Little penguin,-38.41,141.67,2021
Little penguin,-35.59,137.51,2025
Little penguin,-43.27,147.35,2022
Little penguin,-36.25,150.22,2025
Little penguin,-37.08,150.13,2021
Little penguin,-41.05,145.9,2025
Little penguin,-35.72,137.93,2023
Little penguin,-38.34,144.33,2025
Little penguin,-35.59,137.51,2024
Little penguin,-40.22,148.24,2023
Little penguin,-40.18,147.91,2022
Little penguin,-35.72,137.94,2025
Little penguin,-41.87,148.29,2024
Little penguin,-38.52,145.12,2022
Little penguin,-35.66,137.64,2023
Little penguin,-38.51,145.14,2025
Little penguin,-35.72,137.93,2025
Little penguin,-40.3,147.92,2025
Little penguin,-35.65,137.64,2024
Little penguin,-36.25,150.23,2021
Little penguin,-42.91,147.35,2024
Little penguin,-38.52,145.12,2021
Little penguin,-33.86,151.26,2023
Little penguin,-38.52,145.12,2022
Little penguin,-41.16,146.3,2024
Little penguin,-37.86,144.96,2025
Little penguin,-43.27,147.35,2024
Little penguin,-35.15,136.47,2023
Little penguin,-35.72,137.94,2024
Little penguin,-43.27,147.35,2022
Little penguin,-38.51,145.15,2022
Little penguin,-32.31,115.69,2021
Little penguin,-38.47,145.16,2023
Little penguin,-32.31,115.69,2022
Little penguin,-34.42,119.41,2021
Little penguin,-36.25,150.23,2024
Little penguin,-35.08,138.5,2025
Little penguin,-38.51,145.17,2023
Little penguin,-38.04,145.11,2025
Little penguin,-41.06,146.79,2024
Little penguin,-35.72,137.94,2024
Little penguin,-38.52,145.12,2024
Little penguin,-34.56,150.87,2021
Little penguin,-38.29,144.42,2024
Little penguin,-36.0,137.19,2024
Little penguin,-35.72,137.94,2023
Little penguin,-38.52,145.12,2023
Little penguin,-43.3,147.32,2025
Little penguin,-34.98,138.51,2025
Little penguin,-35.72,137.93,2024
Little penguin,-35.59,137.51,2023
Little penguin,-38.51,145.15,2024
Little penguin,-35.59,137.51,2023
Little penguin,-35.66,137.64,2024
Little penguin,-41.88,148.31,2024
Little penguin,-32.31,115.69,2022
Little penguin,-35.59,137.5,2024
Little penguin,-35.59,137.5,2024
Little penguin,-32.23,126.19,2024
Little penguin,-35.59,137.51,2023
Little penguin,-36.0,137.19,2024
Little penguin,-35.59,137.51,2025
Little penguin,-35.84,138.13,2023
Little penguin,-35.59,137.5,2023
Little penguin,-36.43,150.04,2022
Little penguin,-43.27,147.35,2024
Little penguin,-38.52,145.12,2022
Little penguin,-35.72,137.94,2025
Little penguin,-38.51,145.15,2024
Little penguin,-35.15,136.47,2024
Little penguin,-35.72,137.94,2025
Little penguin,-33.96,122.01,2024
Little penguin,-35.72,137.94,2024
Little penguin,-37.86,144.97,2024
Little penguin,-38.51,145.13,2023
Little penguin,-38.29,144.5,2024
Little penguin,-35.58,137.5,2023
Little penguin,-34.37,150.93,2024
Little penguin,-35.72,137.94,2023
Little penguin,-35.59,137.51,2023
Little penguin,-38.51,145.15,2023
Little penguin,-43.06,147.42,2022
Little penguin,-35.72,137.94,2024
Little penguin,-38.56,142.09,2021
Little penguin,-38.51,145.14,2022
Little penguin,-38.52,145.12,2022
Little penguin,-35.59,137.51,2023
Little penguin,-37.08,150.13,2023
Little penguin,-35.59,137.51,2024
Little penguin,-34.42,119.41,2022
Little penguin,-35.59,137.5,2023
Little penguin,-33.94,151.26,2022
Little penguin,-43.02,147.93,2024
Little penguin,-41.1,145.98,2021
Little penguin,-35.59,137.51,2025
Little penguin,-35.59,137.51,2024
Little penguin,-33.31,151.52,2025
Little penguin,-41.86,148.28,2024
Little penguin,-41.16,146.3,2024
Little penguin,-35.72,137.94,2023
Little penguin,-38.51,145.15,2021
Little penguin,-35.82,150.19,2021
Little penguin,-38.52,145.35,2025
Little penguin,-35.72,137.94,2023
Little penguin,-35.59,137.51,2024
Little penguin,-38.51,145.15,2022
Little penguin,-38.52,145.12,2024
Little penguin,-35.78,138.07,2023
Little penguin,-37.85,148.09,2025
Little penguin,-35.72,137.93,2025
Little penguin,-35.78,138.07,2023
Little penguin,-33.87,151.23,2022
Little penguin,-35.59,137.51,2023
Little penguin,-41.1,145.98,2024
Little penguin,-35.59,137.5,2024
Little penguin,-43.06,147.42,2021
Little penguin,-38.52,145.12,2023
Little penguin,-38.51,145.17,2025
Little penguin,-35.59,137.51,2023
Little penguin,-35.59,137.51,2024
Little penguin,-41.11,146.35,2022
Little penguin,-37.08,150.13,2021
Little penguin,-36.0,137.19,2024
Little penguin,-35.59,137.51,2024
Little penguin,-31.58,130.15,2021
Little penguin,-35.72,137.94,2024
Little penguin,-41.96,148.35,2024
Little penguin,-37.86,144.97,2022
Little penguin,-38.48,144.55,2023
Little penguin,-35.59,137.5,2024
Little penguin,-35.59,137.5,2025
Little penguin,-35.59,137.51,2023
Little penguin,-38.52,145.12,2022
Little penguin,-41.16,146.3,2025
Little penguin,-35.85,137.78,2025
Little penguin,-43.27,147.35,2022
Little penguin,-35.59,137.51,2024
Little penguin,-35.66,137.64,2025
Little penguin,-38.51,145.15,2024
Little penguin,-38.0,144.59,2024
Little penguin,-35.72,137.94,2024
Little penguin,-35.59,137.5,2024
Little penguin,-43.13,147.28,2021
Little penguin,-38.56,142.09,2022
Little penguin,-37.86,144.97,2022
Little penguin,-40.75,145.3,2022
Little penguin,-35.72,137.93,2023
Little penguin,-35.59,137.51,2023
Little penguin,-37.86,144.97,2024
Little penguin,-36.0,137.19,2025
Little penguin,-35.72,137.94,2023
Little penguin,-38.51,145.15,2023
Little penguin,-35.59,137.51,2025
Little penguin,-32.31,115.69,2022
Little penguin,-38.4,142.46,2024
Little penguin,-35.59,137.5,2025
Little penguin,-35.59,137.51,2023
Little penguin,-33.94,151.26,2023
Little penguin,-35.84,138.13,2025
Little penguin,-41.87,148.29,2023
Little penguin,-35.59,137.5,2023
Little penguin,-37.86,144.96,2024
Little penguin,-35.72,137.94,2023
Little penguin,-38.62,142.93,2023
Little penguin,-41.05,145.9,2025
Little penguin,-35.72,137.93,2024
Little penguin,-38.51,145.17,2022
Little penguin,-35.66,137.64,2023
Little penguin,-35.02,138.52,2025
Little penguin,-43.27,147.35,2024
Little penguin,-36.25,150.23,2024
Little penguin,-38.52,145.12,2023
Little penguin,-38.52,145.12,2022
Little penguin,-41.16,146.3,2024
Little penguin,-43.11,148.09,2024
Little penguin,-41.87,148.3,2024
Little penguin,-43.53,146.5,2022
Little penguin,-36.89,149.9,2024
Little penguin,-36.0,137.19,2024
Little penguin,-34.42,119.41,2023
Little penguin,-35.59,137.5,2023
Little penguin,-37.8,148.7,2025
Little penguin,-32.31,115.69,2022
Little penguin,-41.87,148.29,2024
Little penguin,-35.59,137.5,2024
Little penguin,-38.51,145.15,2024
Little penguin,-38.52,145.12,2024
Little penguin,-35.56,138.62,2025
Little penguin,-35.72,137.93,2025
Little penguin,-35.59,137.5,2024
Little penguin,-35.59,137.51,2024
Little penguin,-35.75,150.26,2024
Little penguin,-35.59,137.51,2024
Little penguin,-38.52,145.12,2024
Little penguin,-35.66,137.63,2025
Little penguin,-35.59,137.51,2023
Little penguin,-36.0,137.19,2023
Little penguin,-38.52,145.12,2023
Little penguin,-38.52,145.12,2025
Little penguin,-35.59,137.5,2025
Little penguin,-41.86,148.28,2024
Little penguin,-43.09,148.32,2023
Little penguin,-38.52,145.12,2023
Little penguin,-43.11,148.09,2024
Little penguin,-38.51,145.15,2022
Little penguin,-35.78,138.07,2025
Little penguin,-36.0,137.19,2025
Little penguin,-35.78,138.07,2024
Little penguin,-33.81,151.29,2025
Little penguin,-35.72,137.94,2024
Little penguin,-38.52,145.12,2025
Little penguin,-35.59,137.51,2025
Little penguin,-37.86,144.97,2022
Little penguin,-37.86,144.97,2022
Little penguin,-35.59,137.5,2025
Little penguin,-35.66,137.64,2023
Little penguin,-35.59,137.5,2025
Little penguin,-40.75,145.3,2021
Little penguin,-35.72,137.94,2025
Little penguin,-38.51,145.15,2025
Little penguin,-43.27,147.35,2024
Little penguin,-35.59,137.5,2024
Little penguin,-35.72,137.94,2025
Little penguin,-38.66,143.1,2022
Little penguin,-38.52,145.12,2023
Little penguin,-35.72,137.93,2023
Little penguin,-41.16,146.3,2023
Little penguin,-38.33,144.7,2024
Little penguin,-35.78,138.07,2024
Little penguin,-35.64,138.4,2025
Little penguin,-35.72,137.94,2023
Little penguin,-35.72,137.94,2024
Little penguin,-32.61,152.31,2025
Little penguin,-35.59,137.51,2023
Little penguin,-35.72,137.93,2024
Little penguin,-35.55,138.62,2022
Little penguin,-38.51,145.15,2023
Little penguin,-35.59,137.51,2025
Little penguin,-38.52,145.12,2022
Little penguin,-32.94,151.76,2021
Little penguin,-38.52,145.12,2025
Little penguin,-35.72,137.94,2024
Little penguin,-36.0,137.19,2023
Little penguin,-37.86,144.97,2025
Little penguin,-35.84,138.13,2024
Little penguin,-35.59,137.5,2025
Little penguin,-37.86,144.97,2021
Little penguin,-34.42,119.41,2023
Little penguin,-38.51,145.15,2023
Little penguin,-41.16,146.3,2023
Little penguin,-35.66,137.64,2025
Little penguin,-41.87,148.31,2023
Little penguin,-37.07,149.91,2023
Little penguin,-35.72,137.94,2025
Little penguin,-38.51,145.14,2024
Little penguin,-38.51,145.12,2021
Little penguin,-35.59,137.5,2023
Little penguin,-36.0,137.19,2025
Little penguin,-35.59,137.5,2023
Little penguin,-35.59,137.51,2023
Little penguin,-43.27,147.35,2023
Little penguin,-35.59,137.51,2024
Little penguin,-41.14,146.14,2022
Little penguin,-34.48,150.91,2024
Little penguin,-38.52,145.12,2022
Little penguin,-38.52,145.12,2024
Little penguin,-37.86,144.97,2025
Little penguin,-38.52,145.12,2024
Little penguin,-38.51,145.17,2023
Little penguin,-36.25,150.23,2024
Little penguin,-41.87,148.29,2023
Little penguin,-35.73,150.21,2025
Little penguin,-38.62,142.93,2023
Little penguin,-38.66,143.1,2023
Little penguin,-35.72,137.94,2023
Little penguin,-37.86,144.97,2024
Little penguin,-38.52,145.13,2023
Little penguin,-35.59,137.5,2024
Little penguin,-38.29,144.5,2025
Little penguin,-35.63,138.51,2022
Little penguin,-32.61,152.31,2025
Little penguin,-35.72,137.94,2024
Little penguin,-35.59,137.51,2024
Little penguin,-35.66,137.64,2025
Little penguin,-35.59,137.51,2024
Little penguin,-43.03,147.95,2024
Little penguin,-35.66,137.64,2023
Little penguin,-37.86,144.97,2023
Little penguin,-38.26,144.68,2022
Little penguin,-43.02,147.94,2023
Little penguin,-34.93,150.77,2021
Little penguin,-38.52,145.12,2025
Little penguin,-38.51,145.15,2025
Little penguin,-35.59,137.5,2024
Little penguin,-36.0,137.19,2024
Little penguin,-40.07,144.06,2024
Little penguin,-38.52,145.12,2023
Little penguin,-38.55,145.36,2025
Little penguin,-43.09,148.32,2023
Little penguin,-35.02,138.52,2025
Little penguin,-33.96,151.26,2021
Little penguin,-37.86,144.96,2025
Little penguin,-35.59,137.5,2025
Little penguin,-31.57,131.44,2023
Little penguin,-38.52,145.12,2023
Little penguin,-43.02,147.93,2022
Little penguin,-35.72,137.94,2025
Little penguin,-41.05,145.9,2025
Little penguin,-40.76,145.29,2023
Little penguin,-37.86,144.97,2021
Little penguin,-38.52,145.12,2022
Little penguin,-36.25,150.23,2023
Little penguin,-38.33,144.69,2024
Little penguin,-32.92,151.79,2021
Little penguin,-38.43,145.06,2024
Little penguin,-35.66,137.64,2025
Little penguin,-35.75,137.87,2025
Little penguin,-43.27,147.35,2021
Little penguin,-41.87,148.3,2025
Little penguin,-38.51,145.13,2021
Little penguin,-38.52,145.13,2024
Little penguin,-41.16,146.13,2023
Little penguin,-35.59,137.51,2025
Little penguin,-39.15,146.31,2023
Little penguin,-35.59,137.5,2025
Little penguin,-43.27,147.35,2024
Little penguin,-37.86,144.97,2025
Little penguin,-41.16,146.13,2022
Little penguin,-41.05,145.9,2025
Little penguin,-35.59,137.51,2023
Little penguin,-35.59,137.5,2024
Little penguin,-35.65,137.64,2023
Little penguin,-38.52,145.12,2024
Little penguin,-35.59,137.51,2024
Little penguin,-35.62,137.2,2023
Little penguin,-38.47,145.16,2021
Little penguin,-35.59,137.5,2023
Little penguin,-38.29,144.5,2021
Little penguin,-41.16,146.3,2024
Little penguin,-43.02,147.99,2024
Little penguin,-43.13,147.28,2023
Little penguin,-38.52,145.11,2025
Little penguin,-38.52,145.12,2024
Little penguin,-41.16,146.13,2021
Little penguin,-41.04,145.85,2021
Little penguin,-35.84,138.13,2024
Little penguin,-36.25,150.22,2024
Little penguin,-35.59,137.5,2024
Little penguin,-35.73,150.21,2024
Little penguin,-33.87,151.2,2023
Little penguin,-38.51,145.15,2024
Little penguin,-35.72,137.94,2024
Little penguin,-38.52,145.13,2025
Little penguin,-41.05,145.9,2025
Little penguin,-35.59,137.5,2024
Little penguin,-41.87,148.29,2024
Little penguin,-35.72,137.93,2025
Little penguin,-41.05,145.9,2023
Little penguin,-33.54,115.02,2021
Little penguin,-43.09,148.32,2024
Little penguin,-37.86,144.97,2024
Little penguin,-36.25,150.22,2022
Little penguin,-35.07,150.73,2022
Little penguin,-41.06,146.79,2023
Little penguin,-35.72,137.94,2024
Little penguin,-35.72,137.93,2024
Little penguin,-35.56,138.63,2021
Little penguin,-35.72,137.94,2024
Little penguin,-35.65,137.64,2025
Little penguin,-35.59,137.51,2023
Little penguin,-43.27,147.35,2023
Little penguin,-41.86,148.28,2022
Little penguin,-35.59,137.5,2024
Little penguin,-36.25,150.23,2022
Little penguin,-37.86,144.97,2025
Little penguin,-32.31,115.69,2022
Little penguin,-38.28,144.43,2021
Little penguin,-41.05,145.9,2024
Little penguin,-38.85,143.56,2021
Little penguin,-35.75,150.26,2024
Little penguin,-35.59,137.51,2024
Little penguin,-40.76,145.3,2023
Little penguin,-41.87,148.3,2023
Little penguin,-35.78,138.07,2023
Little penguin,-38.52,145.12,2022
Little penguin,-35.59,137.5,2023
Little penguin,-34.78,150.82,2022
Little penguin,-41.16,146.3,2024
Little penguin,-38.52,145.12,2023
Little penguin,-35.02,150.82,2022
Little penguin,-35.65,137.64,2023
Little penguin,-34.04,151.17,2023
Little penguin,-35.56,138.63,2024
Little penguin,-43.27,147.35,2023
Little penguin,-36.0,137.19,2024
Little penguin,-34.99,138.51,2025
Little penguin,-35.65,137.64,2024
Little penguin,-32.61,152.31,2024
Little penguin,-35.59,137.5,2023
Little penguin,-41.05,145.9,2022
Little penguin,-35.78,138.07,2023
Little penguin,-35.78,138.07,2023
Little penguin,-35.79,137.86,2023
Little penguin,-38.52,145.12,2021
Little penguin,-35.59,137.5,2024
Little penguin,-35.06,150.87,2021
Little penguin,-38.52,145.12,2023
Little penguin,-36.25,150.22,2025
Little penguin,-37.86,144.97,2021
Little penguin,-35.72,137.94,2024
Little penguin,-43.09,148.32,2024
Little penguin,-36.0,137.18,2023
Little penguin,-40.09,143.87,2023
Little penguin,-38.52,145.12,2023
Little penguin,-34.64,136.18,2021
Little penguin,-38.51,145.14,2021
Little penguin,-33.8,151.28,2023
Little penguin,-38.52,145.12,2024
Little penguin,-35.59,137.51,2025
Little penguin,-38.52,145.12,2024
Little penguin,-35.59,137.5,2023
Little penguin,-38.52,145.12,2023
Little penguin,-38.51,145.13,2021
Little penguin,-35.59,137.5,2025
Little penguin,-35.59,137.5,2025
Little penguin,-40.07,144.06,2024
Little penguin,-38.51,145.14,2025
Little penguin,-43.04,147.94,2023
Little penguin,-35.72,137.94,2024
Little penguin,-38.52,145.12,2024
Little penguin,-38.51,145.15,2022
Little penguin,-33.48,151.44,2022
Little penguin,-35.59,137.51,2025
Little penguin,-38.52,145.12,2022
Little penguin,-32.95,151.74,2021
Little penguin,-35.59,137.5,2024
Little penguin,-35.59,137.51,2023
Little penguin,-35.72,137.93,2024
Little penguin,-37.08,150.13,2023
Little penguin,-38.51,145.15,2023
Little penguin,-35.59,137.51,2025
Little penguin,-43.04,147.94,2023
Little penguin,-35.78,138.07,2025
Little penguin,-32.93,151.78,2022
Little penguin,-35.59,137.51,2024
Little penguin,-41.88,148.31,2024
Little penguin,-35.72,137.94,2025
Little penguin,-40.93,145.57,2022
Little penguin,-35.59,137.5,2024
Little penguin,-36.0,137.19,2024
Little penguin,-33.42,151.44,2024
Little penguin,-41.1,145.98,2025
Little penguin,-38.47,145.16,2023
Little penguin,-34.42,119.41,2021
Little penguin,-38.51,145.15,2023
Little penguin,-35.59,137.5,2024
Little penguin,-40.87,145.5,2024
Little penguin,-35.59,137.51,2025
Little penguin,-35.66,137.63,2023
Little penguin,-41.05,145.9,2024
Little penguin,-35.59,137.5,2025
Little penguin,-38.32,144.98,2024
Little penguin,-35.66,137.63,2023
Little penguin,-41.05,145.9,2023
Little penguin,-36.17,150.12,2024
Little penguin,-38.51,145.15,2023
Little penguin,-41.16,146.3,2023
Little penguin,-35.84,138.13,2025
Little penguin,-35.72,137.93,2023
Little penguin,-41.05,145.9,2025
Little penguin,-32.31,115.69,2021
Little penguin,-35.72,137.96,2025
Little penguin,-38.51,145.17,2024
Little penguin,-35.59,137.5,2024
Little penguin,-33.83,151.24,2021
Little penguin,-38.51,145.15,2024
Little penguin,-38.51,145.15,2023
Little penguin,-41.01,145.78,2022
Little penguin,-37.86,144.96,2025
Little penguin,-40.75,145.3,2024
Little penguin,-35.59,137.51,2025
Little penguin,-41.12,148.45,2024
Little penguin,-37.56,149.91,2023
Little penguin,-35.72,137.93,2025
Little penguin,-35.72,137.94,2023
Little penguin,-43.22,148.01,2022
Little penguin,-35.59,137.51,2024
Little penguin,-40.78,147.94,2023
Little penguin,-36.25,150.22,2025
Little penguin,-35.72,137.93,2023
Little penguin,-41.05,145.9,2025
Little penguin,-33.89,121.82,2025
Little penguin,-35.84,138.13,2023
Little penguin,-38.51,145.15,2024
Little penguin,-38.51,145.15,2023
Little penguin,-43.27,147.35,2022
Little penguin,-38.51,145.15,2024
Little penguin,-41.16,146.33,2025
Little penguin,-36.0,137.19,2023
Little penguin,-38.27,144.53,2025
Little penguin,-41.05,145.9,2023
Little penguin,-37.86,144.97,2024
Little penguin,-38.51,145.14,2021
Little penguin,-35.91,150.09,2024
Little penguin,-37.86,144.96,2024
Little penguin,-38.51,145.14,2024
Little penguin,-35.84,138.13,2025
Little penguin,-35.59,137.5,2024
Little penguin,-42.12,148.34,2023
Little penguin,-34.94,138.5,2025
Little penguin,-35.86,150.18,2025
Little penguin,-39.09,146.23,2024
Little penguin,-38.52,145.12,2025
Little penguin,-42.92,147.37,2022
Little penguin,-38.51,145.15,2022
Little penguin,-35.72,137.94,2024
Little penguin,-38.39,144.25,2024
Little penguin,-35.58,137.5,2025
Little penguin,-38.48,142.18,2022
Little penguin,-38.51,145.15,2023
Little penguin,-32.69,152.23,2021
Little penguin,-35.59,137.51,2025
Little penguin,-34.6,150.47,2021
Little penguin,-35.59,137.5,2025
Little penguin,-35.72,137.93,2023
Little penguin,-38.57,145.4,2021
Little penguin,-39.02,146.24,2023
Little penguin,-41.16,146.3,2023
Little penguin,-35.72,137.94,2021
Little penguin,-36.0,137.32,2023
Little penguin,-38.1,145.12,2023
Little penguin,-38.51,145.15,2023
Little penguin,-40.07,144.06,2023
Little penguin,-38.52,145.12,2024
Little penguin,-43.27,147.35,2022
Little penguin,-38.52,145.12,2023
Little penguin,-41.55,148.37,2024
Little penguin,-41.05,145.9,2025
Little penguin,-41.16,146.3,2024
Little penguin,-35.62,137.2,2025
Little penguin,-35.55,138.88,2024
Little penguin,-35.72,137.94,2025
Little penguin,-43.09,148.32,2023
Little penguin,-42.99,147.33,2024
Little penguin,-35.65,137.64,2024
Little penguin,-41.16,146.3,2021
Little penguin,-40.99,145.75,2021
Little penguin,-33.74,151.3,2022
Little penguin,-41.05,145.9,2021
Little penguin,-35.59,137.5,2023
Little penguin,-41.87,148.29,2024
Little penguin,-38.52,145.12,2023
Little penguin,-35.66,137.64,2024
Little penguin,-35.84,138.13,2023
Little penguin,-38.51,145.15,2023
Little penguin,-32.31,115.69,2022
Little penguin,-38.51,145.15,2023
Little penguin,-38.55,145.35,2022
Little penguin,-40.9,145.58,2021
Little penguin,-41.06,146.79,2021
Little penguin,-38.52,145.12,2024
Little penguin,-35.72,137.94,2023
Little penguin,-41.06,146.79,2024
Little penguin,-38.5,145.16,2022
Little penguin,-43.27,147.35,2023
Little penguin,-35.58,137.33,2023
Little penguin,-35.56,138.63,2021
Little penguin,-38.51,145.15,2025
Little penguin,-37.86,144.97,2024
Little penguin,-38.51,145.15,2022
Little penguin,-35.59,137.51,2023
Little penguin,-38.51,145.13,2023
Little penguin,-38.52,145.12,2025
Little penguin,-35.66,137.64,2023
Little penguin,-35.59,137.51,2023
Little penguin,-38.51,145.29,2025
Little penguin,-36.0,137.19,2024
Little penguin,-38.52,145.12,2023
Little penguin,-36.0,137.32,2024
Little penguin,-36.25,150.22,2025
Little penguin,-35.59,137.5,2023
Little penguin,-36.0,137.19,2025
Little penguin,-38.52,145.12,2024
Little penguin,-41.16,146.3,2024
Little penguin,-40.07,144.06,2024
Little penguin,-40.76,145.3,2023
Little penguin,-38.51,145.12,2021
Little penguin,-41.06,146.79,2025
Little penguin,-38.39,144.25,2022
Little penguin,-35.59,137.51,2025
Little penguin,-35.72,137.94,2024
Little penguin,-35.59,137.54,2023
Little penguin,-35.65,137.64,2024
Little penguin,-38.52,145.12,2024
Little penguin,-32.61,152.31,2023
Little penguin,-35.66,137.63,2024
Little penguin,-41.88,148.3,2025
Little penguin,-35.62,137.21,2023
Little penguin,-34.47,150.96,2023
Little penguin,-32.31,115.69,2021
Little penguin,-39.15,146.31,2023
Little penguin,-35.59,137.51,2024
Little penguin,-36.0,137.19,2025
Little penguin,-37.86,144.96,2025
Little penguin,-40.76,145.3,2024
Little penguin,-35.72,137.93,2023
Little penguin,-38.51,145.14,2023
Little penguin,-41.05,145.9,2022
Little penguin,-36.66,139.85,2025
Little penguin,-43.09,148.32,2023
Little penguin,-38.29,144.49,2025
Little penguin,-35.59,137.51,2023
Little penguin,-35.72,137.93,2024
Little penguin,-37.86,144.97,2023
Little penguin,-35.66,137.64,2023
Little penguin,-43.27,147.35,2024
Little penguin,-35.62,137.2,2025
Little penguin,-37.86,144.96,2025
Little penguin,-38.46,145.31,2021
Little penguin,-38.51,145.17,2025
Little penguin,-43.09,148.32,2022
Little penguin,-38.62,142.93,2023
Little penguin,-38.51,145.15,2022
Little penguin,-35.72,137.94,2023
Little penguin,-35.58,137.33,2023
Little penguin,-33.83,151.29,2022
Little penguin,-38.51,145.12,2021
Little penguin,-35.59,137.51,2025
Little penguin,-38.51,145.15,2023
Little penguin,-34.54,136.28,2023
Little penguin,-38.52,145.12,2021
Little penguin,-38.86,146.0,2021
Little penguin,-35.59,137.51,2024
Little penguin,-41.87,148.29,2024
Little penguin,-33.87,151.26,2024
Little penguin,-35.59,137.51,2023
Little penguin,-38.51,145.14,2024
Little penguin,-32.31,115.69,2024
Little penguin,-34.42,119.41,2022
Little penguin,-35.72,137.94,2024
Little penguin,-35.59,137.5,2023
Little penguin,-35.59,137.5,2024
Little penguin,-42.99,147.33,2023
Little penguin,-43.27,147.35,2022
Little penguin,-43.07,148.0,2022
Little penguin,-38.51,145.15,2024
Little penguin,-35.56,138.63,2024
Little penguin,-35.59,137.51,2024
Little penguin,-37.87,144.97,2025
Little penguin,-41.87,148.29,2023
Little penguin,-35.59,137.5,2024
Little penguin,-43.09,148.32,2022
Little penguin,-35.59,137.5,2023
Little penguin,-38.51,145.15,2023
Little penguin,-38.52,145.12,2024
Little penguin,-38.51,145.15,2024
Little penguin,-34.78,150.82,2021
Little penguin,-36.0,137.32,2025
Little penguin,-38.51,145.13,2021
Little penguin,-35.72,137.94,2024
Little penguin,-38.52,145.12,2022
Little penguin,-36.0,137.19,2025
Little penguin,-41.05,145.9,2024
Little penguin,-35.73,150.21,2025
Little penguin,-35.59,137.5,2024
Little penguin,-38.51,145.17,2025
Little penguin,-38.51,145.16,2024
Little penguin,-38.51,145.15,2022
Little penguin,-40.3,147.8,2024
Little penguin,-34.47,150.96,2023
Little penguin,-38.52,145.12,2025
Little penguin,-35.65,137.64,2023
Little penguin,-35.59,137.51,2023
Little penguin,-35.84,138.13,2024
Little penguin,-41.05,145.9,2024
Little penguin,-38.58,145.33,2025
Little penguin,-37.91,144.99,2023
Little penguin,-40.76,145.29,2025
Little penguin,-36.0,137.19,2023
Little penguin,-35.72,137.94,2023
Little penguin,-37.08,150.13,2023
Little penguin,-38.51,145.17,2024
Little penguin,-38.52,145.12,2023
Little penguin,-35.66,137.64,2023
Little penguin,-43.09,148.32,2024
Little penguin,-35.66,137.63,2023
Little penguin,-35.72,137.93,2025
Little penguin,-35.59,137.51,2025
Little penguin,-37.08,150.13,2021
Little penguin,-35.59,137.5,2024
Little penguin,-35.72,137.93,2023
Little penguin,-38.28,144.43,2021
Little penguin,-38.51,145.12,2022
Little penguin,-38.51,145.14,2022
Little penguin,-40.49,148.07,2023
Little penguin,-43.09,148.32,2024
Little penguin,-33.37,151.49,2024
Little penguin,-35.66,137.63,2025
Little penguin,-35.76,138.3,2021
Little penguin,-35.72,137.94,2025
Little penguin,-35.59,137.51,2024
Little penguin,-42.91,147.35,2024
Little penguin,-38.52,145.12,2024
Little penguin,-38.51,145.15,2021
Little penguin,-38.52,145.12,2023
Little penguin,-35.84,138.13,2024
Little penguin,-35.66,137.63,2025
Little penguin,-38.62,142.93,2023
Little penguin,-35.59,137.51,2024
Little penguin,-35.59,137.5,2025
Little penguin,-34.42,119.41,2024
Little penguin,-32.31,115.69,2021
Little penguin,-43.27,147.35,2022
Little penguin,-38.52,145.12,2024
Little penguin,-36.0,137.32,2023
Little penguin,-34.91,138.49,2024
Little penguin,-35.72,137.94,2023
Little penguin,-35.19,150.58,2023
Little penguin,-35.75,150.26,2024
Little penguin,-38.52,145.12,2022
Little penguin,-43.09,148.32,2022
Little penguin,-35.66,137.63,2024
Little penguin,-35.84,138.13,2023
Little penguin,-37.86,144.97,2022
Little penguin,-35.59,137.5,2023
Little penguin,-39.15,146.31,2023
Little penguin,-43.02,147.94,2021
Little penguin,-38.7,146.46,2024
Little penguin,-38.51,145.15,2023
Little penguin,-35.59,137.5,2024
Little penguin,-43.27,147.35,2021
Little penguin,-33.87,151.25,2022
Little penguin,-35.59,137.5,2024
Little penguin,-35.85,137.77,2022
Little penguin,-43.02,147.99,2024
Little penguin,-38.51,145.15,2023
Little penguin,-35.59,137.5,2025
Little penguin,-38.66,143.1,2024
Little penguin,-38.51,145.15,2025
Little penguin,-34.26,136.27,2021
Little penguin,-43.14,147.96,2024
Little penguin,-43.04,147.94,2023
Little penguin,-35.72,137.94,2024
Little penguin,-41.16,146.3,2024
Little penguin,-33.96,151.26,2021
Little penguin,-40.76,145.3,2022
Little penguin,-38.52,145.12,2023
Little penguin,-38.27,144.51,2023
Little penguin,-38.52,145.12,2022
Little penguin,-37.86,144.97,2023
Little penguin,-38.52,145.12,2024
Little penguin,-35.65,137.64,2023
Little penguin,-35.59,137.5,2025
Little penguin,-34.7,135.91,2024
Little penguin,-35.84,138.13,2025
Little penguin,-33.61,151.29,2023
Little penguin,-35.59,137.5,2024
Little penguin,-35.59,137.5,2023
Little penguin,-35.59,137.51,2025
Little penguin,-35.74,137.68,2025
Little penguin,-37.86,144.97,2023
Little penguin,-35.66,137.64,2025
Little penguin,-37.87,144.97,2025
Little penguin,-35.59,137.51,2023
Little penguin,-35.72,137.93,2023
Little penguin,-32.31,115.69,2022
Little penguin,-35.59,137.51,2024
Little penguin,-41.1,145.98,2024
Little penguin,-35.72,137.94,2023
Little penguin,-34.52,135.95,2025
Little penguin,-43.29,147.33,2023
Little penguin,-36.0,137.32,2023
Little penguin,-35.6,150.33,2021
Little penguin,-35.84,138.13,2024
Little penguin,-35.59,137.5,2025
Little penguin,-35.59,137.5,2024
Little penguin,-38.52,145.12,2021
Little penguin,-34.69,135.91,2024
Little penguin,-34.68,136.35,2021
Little penguin,-41.03,145.81,2025
Little penguin,-33.6,151.31,2021
Little penguin,-38.52,145.12,2022
Little penguin,-33.94,151.26,2021
Little penguin,-35.59,137.5,2025
Little penguin,-33.64,134.89,2021
Little penguin,-35.65,137.64,2024
Little penguin,-33.09,151.66,2021
Little penguin,-40.76,145.3,2024
Little penguin,-38.51,145.16,2021
Little penguin,-35.59,137.51,2023
Little penguin,-35.59,137.5,2024
Little penguin,-33.94,151.26,2024
Little penguin,-35.72,137.94,2024
Little penguin,-38.52,145.12,2023
Little penguin,-38.51,145.15,2024
Little penguin,-37.86,144.97,2024
Little penguin,-41.16,146.3,2023
Little penguin,-38.49,145.2,2022
Little penguin,-43.35,147.32,2023
Little penguin,-35.72,137.94,2024
Little penguin,-35.72,137.94,2023
Little penguin,-35.59,137.5,2024
Little penguin,-33.74,151.32,2022
Little penguin,-35.72,137.93,2025
Little penguin,-34.61,150.48,2021
Little penguin,-35.59,137.51,2023
Little penguin,-35.72,137.94,2024
Little penguin,-32.27,115.72,2023
Little penguin,-35.59,137.5,2025
Little penguin,-41.16,146.3,2024
Little penguin,-40.93,145.57,2024
Little penguin,-35.67,136.97,2023
Little penguin,-35.73,150.21,2025
Little penguin,-35.59,137.5,2024
Little penguin,-38.51,145.15,2024
Little penguin,-35.72,137.94,2024
Little penguin,-35.58,137.32,2023
Little penguin,-32.61,152.31,2024
Little penguin,-35.59,137.5,2023
Little penguin,-37.86,144.97,2022
Little penguin,-35.59,137.51,2025
Little penguin,-35.59,137.51,2023
Little penguin,-35.59,137.51,2024
Little penguin,-43.09,148.32,2022
Little penguin,-43.02,147.93,2022
Little penguin,-38.52,145.12,2023
Little penguin,-36.0,137.19,2024
Little penguin,-38.51,145.13,2022
Little penguin,-35.59,137.5,2024
Little penguin,-38.52,145.12,2024
Little penguin,-33.47,151.44,2022
Little penguin,-35.59,137.51,2025
Little penguin,-43.27,147.35,2023
Little penguin,-35.59,137.51,2023
Little penguin,-41.16,146.3,2025
Little penguin,-35.59,137.51,2023
Little penguin,-35.59,137.51,2025
Little penguin,-35.78,138.07,2023
Little penguin,-34.8,138.49,2022
Little penguin,-35.59,137.51,2023
Little penguin,-35.72,137.94,2024
Little penguin,-43.03,147.95,2024
Little penguin,-33.92,151.2,2023
Little penguin,-38.51,145.15,2025
Little penguin,-41.05,145.9,2024
Little penguin,-32.04,115.67,2022
Little penguin,-43.02,147.99,2024
Little penguin,-38.51,145.13,2022
Little penguin,-35.59,137.51,2025
Little penguin,-38.35,144.9,2023
Little penguin,-38.51,145.13,2022
Little penguin,-43.09,148.32,2023
Little penguin,-32.31,115.69,2022
Little penguin,-41.05,145.9,2024
Little penguin,-37.86,144.97,2022
Little penguin,-35.72,137.94,2025
Little penguin,-35.72,137.93,2023
Little penguin,-38.52,145.12,2024
Little penguin,-41.13,146.55,2023
Little penguin,-37.56,149.91,2022
Little penguin,-37.86,144.97,2022
Little penguin,-35.59,137.51,2024
Little penguin,-37.86,144.97,2023
Little penguin,-36.25,150.22,2024
Little penguin,-34.42,119.41,2023
Little penguin,-37.09,149.9,2023
Little penguin,-35.59,137.51,2024
Little penguin,-35.72,137.94,2023
Little penguin,-43.04,147.94,2023
Little penguin,-35.72,137.94,2023
Little penguin,-32.74,152.2,2021
Little penguin,-35.59,137.5,2025
Little penguin,-38.28,144.43,2021
Little penguin,-35.59,137.5,2023
Little penguin,-35.72,137.94,2025
Little penguin,-35.72,137.93,2025
Little penguin,-35.59,137.51,2023
Little penguin,-43.03,147.94,2023
Little penguin,-35.59,137.51,2024
Little penguin,-35.59,137.5,2024
Little penguin,-35.59,137.51,2024
Little penguin,-35.72,137.94,2024
Little penguin,-35.78,138.07,2023
Little penguin,-35.52,138.77,2021
Little penguin,-35.59,137.51,2023
Little penguin,-35.59,137.51,2024
Little penguin,-43.09,148.32,2023
Little penguin,-38.52,145.12,2022
Little penguin,-38.52,145.12,2024
Little penguin,-41.86,148.28,2024
Little penguin,-36.25,150.23,2021
Little penguin,-35.84,138.13,2023
Little penguin,-35.59,137.5,2024
Little penguin,-38.51,145.15,2024
Little penguin,-34.14,151.11,2021
Little penguin,-35.67,137.62,2024
Little penguin,-43.24,148.0,2022
Little penguin,-35.72,137.93,2025
Little penguin,-38.52,145.12,2021
Little penguin,-38.48,144.5,2023
Little penguin,-35.59,137.51,2023
Little penguin,-35.65,137.64,2024
Little penguin,-41.87,148.3,2024
Little penguin,-38.56,142.09,2022
Little penguin,-35.21,138.47,2025
Little penguin,-35.72,137.93,2025
Little penguin,-35.59,137.5,2023
Little penguin,-38.51,145.15,2021
Little penguin,-37.65,149.7,2023
Little penguin,-35.65,137.64,2025
Little penguin,-43.09,148.32,2024
Little penguin,-35.78,138.07,2023
Little penguin,-35.59,137.51,2024
Little penguin,-36.0,137.19,2024
Little penguin,-35.78,138.07,2023
Little penguin,-34.42,119.41,2024
Little penguin,-35.59,137.5,2025
Little penguin,-40.07,144.06,2024
Little penguin,-40.76,145.3,2025
Little penguin,-35.59,137.51,2021
Little penguin,-35.84,138.13,2025
Little penguin,-34.42,119.41,2023
Little penguin,-37.86,144.97,2021
Little penguin,-38.52,145.12,2021
Little penguin,-38.47,145.16,2022
Little penguin,-43.09,148.32,2024
Little penguin,-33.36,151.5,2021
Little penguin,-41.16,146.3,2025
Little penguin,-43.09,148.32,2022
Little penguin,-32.31,115.69,2022
Little penguin,-41.86,148.28,2022
Little penguin,-32.61,152.31,2023
Little penguin,-41.1,145.98,2025
Little penguin,-35.72,137.94,2025
Little penguin,-35.59,137.51,2024
Little penguin,-41.16,146.3,2025
Little penguin,-38.41,145.23,2024
Little penguin,-35.65,137.64,2023
Little penguin,-34.26,136.27,2022
Little penguin,-38.52,145.12,2023
Little penguin,-35.66,137.64,2025
Little penguin,-39.02,145.05,2022
Little penguin,-41.05,145.9,2024
Little penguin,-38.52,145.12,2025
Little penguin,-31.44,152.93,2022
Little penguin,-35.59,137.51,2025
Little penguin,-43.13,147.67,2022
Little penguin,-37.08,150.13,2021
Little penguin,-35.72,137.94,2023
Little penguin,-37.99,140.52,2025
Little penguin,-34.42,119.41,2023
Little penguin,-35.78,138.07,2023
Little penguin,-35.78,138.07,2024
Little penguin,-38.51,145.15,2025
Little penguin,-36.25,150.23,2022
Little penguin,-35.59,137.51,2025
Little penguin,-35.59,137.51,2024
Little penguin,-35.59,137.51,2024
Little penguin,-35.72,137.94,2023
Little penguin,-40.93,145.57,2021
Little penguin,-35.72,137.93,2024
Little penguin,-35.78,138.07,2023
Little penguin,-32.31,115.69,2021
Little penguin,-41.05,145.9,2023
Little penguin,-35.72,137.94,2025
Little penguin,-34.42,119.41,2022
Little penguin,-36.0,137.19,2023
Little penguin,-35.72,137.94,2025
Little penguin,-41.05,145.9,2023
Little penguin,-40.9,145.58,2024
Little penguin,-38.52,145.13,2024
Little penguin,-35.59,137.51,2025
Little penguin,-38.51,145.15,2024
Little penguin,-33.96,151.26,2021
Little penguin,-38.52,145.12,2024
Little penguin,-38.52,145.12,2022
Little penguin,-38.51,145.15,2024
Little penguin,-41.05,145.9,2023
Little penguin,-40.76,145.3,2023
Little penguin,-38.71,145.81,2024
Little penguin,-38.51,145.15,2025
Little penguin,-35.59,137.5,2024
Little penguin,-43.27,147.35,2022
Little penguin,-38.54,145.33,2025
Little penguin,-34.42,119.41,2022
Little penguin,-35.59,137.5,2024
Little penguin,-32.61,152.31,2024
Little penguin,-38.52,145.11,2022
Little penguin,-43.08,148.13,2023
Little penguin,-34.42,119.41,2023
Little penguin,-43.13,147.28,2024
Little penguin,-42.63,148.05,2025
Little penguin,-42.04,148.36,2024
Little penguin,-38.52,145.12,2023
Little penguin,-41.05,145.9,2025
Little penguin,-35.72,137.93,2024
Little penguin,-43.09,148.32,2023
Little penguin,-41.86,148.29,2022
Little penguin,-35.65,137.64,2025
Little penguin,-35.66,137.63,2024
Little penguin,-35.72,137.94,2024
Little penguin,-35.59,137.51,2024
Little penguin,-38.76,143.68,2024
Little penguin,-34.8,138.48,2024
Little penguin,-35.59,137.5,2024
Little penguin,-35.59,137.5,2023
Little penguin,-35.66,137.63,2024
Little penguin,-41.88,148.31,2024
Little penguin,-35.59,137.5,2024
Little penguin,-40.75,145.3,2023
Little penguin,-35.72,137.94,2023
Little penguin,-43.02,147.99,2024
Little penguin,-35.56,138.63,2024
Little penguin,-35.72,137.94,2024
Little penguin,-36.0,137.19,2023
Little penguin,-38.51,145.17,2024
Little penguin,-35.59,137.51,2023
Little penguin,-35.72,137.94,2023
Little penguin,-35.59,137.5,2025
Little penguin,-36.25,150.22,2024
Little penguin,-35.99,137.18,2025
Little penguin,-34.3,150.93,2023
Little penguin,-38.52,145.12,2022
Little penguin,-43.27,147.35,2024
Little penguin,-35.59,137.51,2023
Little penguin,-33.8,151.28,2023
Little penguin,-38.51,145.14,2021
Little penguin,-40.93,145.57,2022
Little penguin,-38.52,145.12,2024
Little penguin,-38.51,145.17,2023
Little penguin,-39.45,147.3,2025
Little penguin,-37.86,144.97,2021
Little penguin,-35.85,137.77,2025
Little penguin,-43.09,148.32,2022
Little penguin,-38.51,145.15,2025
Little penguin,-33.91,151.26,2022
Little penguin,-35.72,137.94,2024
Little penguin,-37.87,144.97,2025
Little penguin,-35.59,137.5,2023
Little penguin,-35.59,137.51,2025
Little penguin,-38.52,145.12,2024
Little penguin,-41.05,145.9,2024
Little penguin,-35.65,137.64,2024
Little penguin,-41.87,148.3,2022
Little penguin,-43.27,147.35,2023
Little penguin,-42.6,147.99,2021
Little penguin,-38.52,145.12,2022
Little penguin,-36.0,137.19,2024
Little penguin,-43.03,147.95,2023
Little penguin,-38.51,145.15,2024
Little penguin,-35.59,137.5,2025
Little penguin,-35.59,137.51,2024
Little penguin,-38.51,145.13,2022
Little penguin,-35.73,150.21,2024
Little penguin,-38.52,145.12,2025
Little penguin,-35.59,137.51,2024
Little penguin,-35.72,137.94,2024
Little penguin,-38.62,142.93,2025
Little penguin,-33.86,151.26,2023
Little penguin,-43.27,147.35,2024
Little penguin,-36.25,150.23,2023
Little penguin,-35.59,137.5,2024
Little penguin,-37.08,150.13,2021
Little penguin,-35.72,137.94,2024
Little penguin,-38.51,145.15,2024
Little penguin,-36.0,137.32,2023
Little penguin,-38.51,145.13,2021
Little penguin,-43.27,147.35,2023
Little penguin,-35.62,137.2,2024
Little penguin,-35.59,137.51,2024
Little penguin,-41.16,146.22,2022
Little penguin,-38.51,145.15,2022
Little penguin,-38.38,145.27,2021
Little penguin,-35.72,137.93,2023
Little penguin,-32.27,115.73,2023
Little penguin,-38.45,145.3,2024
Little penguin,-37.99,145.06,2024
Little penguin,-38.51,145.15,2024
Little penguin,-38.52,145.12,2024
Little penguin,-38.37,144.76,2025
Little penguin,-36.25,150.22,2025
Little penguin,-35.14,138.47,2025
Little penguin,-35.84,138.13,2025
Little penguin,-35.72,137.93,2025
Little penguin,-35.56,138.62,2025
Little penguin,-38.52,145.12,2021
Little penguin,-43.02,147.94,2023
Little penguin,-35.78,138.07,2024
Little penguin,-38.48,145.23,2024
Little penguin,-34.7,135.91,2024
Little penguin,-38.62,142.93,2022
Little penguin,-37.07,149.91,2023
Little penguin,-35.59,137.5,2024
Little penguin,-40.02,143.89,2023
Little penguin,-35.59,137.51,2025
Little penguin,-35.56,138.63,2024
Little penguin,-35.59,137.51,2024
Little penguin,-42.6,145.28,2023
Little penguin,-38.52,145.12,2025
Little penguin,-38.77,143.66,2025
Little penguin,-38.51,145.13,2024
Little penguin,-38.34,144.32,2023
Little penguin,-35.59,137.51,2025
Little penguin,-33.47,151.43,2024
Little penguin,-35.59,137.51,2023
Little penguin,-38.55,145.35,2023
Little penguin,-34.88,138.48,2025
Little penguin,-38.47,145.31,2022
Little penguin,-33.8,151.29,2023
Little penguin,-38.31,144.67,2024
Little penguin,-43.09,148.32,2024
Little penguin,-36.0,137.32,2025
Little penguin,-35.58,137.5,2024
Little penguin,-35.72,137.94,2025
Little penguin,-36.0,137.32,2024
Little penguin,-35.78,138.07,2024
Little penguin,-43.09,148.32,2022
Little penguin,-35.78,138.07,2025
Little penguin,-35.33,138.45,2022
Little penguin,-35.59,137.51,2024
Little penguin,-35.59,137.51,2025
Little penguin,-35.59,137.51,2021
Little penguin,-35.72,137.94,2024
Little penguin,-37.86,144.96,2024
Little penguin,-35.59,137.5,2025
Little penguin,-35.72,137.94,2024
Little penguin,-35.66,137.64,2025
Little penguin,-36.0,137.19,2024
Little penguin,-35.59,137.5,2023
Little penguin,-33.62,151.31,2021
Little penguin,-37.86,144.97,2021
Little penguin,-38.52,145.12,2021
Little penguin,-43.09,148.32,2024
Little penguin,-42.95,147.59,2025
Little penguin,-38.36,142.31,2021
Little penguin,-38.51,145.15,2024
Little penguin,-35.66,137.64,2024
Little penguin,-38.39,144.25,2022
Little penguin,-38.63,143.89,2024
Little penguin,-43.27,147.35,2022
Little penguin,-41.16,146.3,2023
Little penguin,-35.59,137.51,2025
Little penguin,-37.86,144.97,2022
Little penguin,-35.62,137.2,2025
Little penguin,-37.08,150.13,2021
Little penguin,-35.78,138.07,2023
Little penguin,-35.78,138.07,2025
Little penguin,-41.01,145.78,2024
Little penguin,-38.52,145.12,2023
Little penguin,-35.66,137.63,2023
Little penguin,-35.59,137.5,2025
Little penguin,-35.59,137.5,2025
Little penguin,-38.52,145.12,2024
Little penguin,-37.86,144.97,2022
Little penguin,-38.51,145.15,2024
Little penguin,-38.5,145.01,2025
Little penguin,-38.51,145.15,2023
Little penguin,-35.72,137.94,2023
Little penguin,-35.71,150.16,2024
Little penguin,-36.0,137.19,2025
Little penguin,-35.59,137.51,2024
Little penguin,-35.62,137.21,2023
Little penguin,-38.51,145.16,2025
Little penguin,-35.59,137.5,2024
Little penguin,-38.52,145.12,2023
Little penguin,-35.59,137.51,2024
Little penguin,-41.16,146.3,2022
Little penguin,-35.58,137.33,2023
Little penguin,-37.86,144.97,2023
Little penguin,-35.59,137.51,2025
Little penguin,-36.25,150.23,2024
Little penguin,-38.52,145.14,2024
Little penguin,-41.55,148.37,2024
Little penguin,-38.51,145.17,2022
Little penguin,-36.25,150.22,2025
Little penguin,-41.06,146.79,2025
Little penguin,-38.52,145.31,2024
Little penguin,-41.86,148.28,2022
Little penguin,-43.0,147.33,2024
Little penguin,-35.84,138.13,2024
Little penguin,-38.51,145.16,2022
Little penguin,-38.34,144.32,2025
Little penguin,-41.87,148.29,2025
Little penguin,-41.15,146.2,2023
Little penguin,-34.55,150.86,2021
Little penguin,-35.72,137.94,2024
Little penguin,-43.27,147.35,2022
Little penguin,-36.0,137.19,2023
Little penguin,-38.51,145.15,2024
Little penguin,-38.52,145.12,2024
Little penguin,-35.72,137.93,2023
Little penguin,-38.51,145.15,2025
Little penguin,-35.56,138.63,2023
Little penguin,-35.72,137.93,2025
Little penguin,-35.73,150.21,2024
